unit1_x,unit1_y,unit1_z,unit1_yaw,unit2_yaw,road_wheel_angle,curvature,unit1_pitch,unit1_velocity,left_boundary_x,left_boundary_y,right_boundary_x,right_boundary_y,s
-14.829743,357.884370,228.162595,-1.844501,-1.867162,0.036043,0.007839,-0.004606,2.946521,-12.062897,357.107576,-17.452860,358.620812,0.000000
-14.856575,357.788660,228.163177,-1.843746,-1.866730,0.033770,0.007344,-0.004588,2.934030,-12.089413,357.014031,-17.482485,358.523748,0.099400
-14.883336,357.692930,228.163757,-1.843042,-1.866298,0.031423,0.006833,-0.004569,2.922250,-12.116019,356.920358,-17.512071,358.426813,0.198800
-14.910033,357.597183,228.164335,-1.842389,-1.865865,0.029003,0.006307,-0.004549,2.911167,-12.142664,356.826544,-17.541617,358.330009,0.298200
-14.936669,357.501418,228.164909,-1.841788,-1.865433,0.026512,0.005765,-0.004529,2.900762,-12.169351,356.732585,-17.571122,358.233338,0.397600
-14.963251,357.405638,228.165481,-1.841243,-1.865004,0.023952,0.005208,-0.004509,2.891018,-12.196324,356.638538,-17.600583,358.136810,0.497000
-14.989783,357.309845,228.166050,-1.840754,-1.864578,0.021326,0.004637,-0.004488,2.881914,-12.223549,356.544393,-17.630001,358.040426,0.596400
-15.016270,357.214039,228.166615,-1.840322,-1.864155,0.018634,0.004051,-0.004466,2.873429,-12.250819,356.450090,-17.659373,357.944190,0.695800
-15.042720,357.118222,228.167177,-1.839949,-1.863738,0.015879,0.003452,-0.004444,2.865540,-12.278138,356.355623,-17.688699,357.848105,0.795200
-15.069136,357.022397,228.167736,-1.839636,-1.863327,0.013063,0.002840,-0.004422,2.858223,-12.305626,356.261024,-17.717977,357.752178,0.894600
-15.095525,356.926564,228.168290,-1.839384,-1.862923,0.010189,0.002215,-0.004399,2.851452,-12.333580,356.166371,-17.747207,357.656408,0.994000
-15.121894,356.830725,228.168841,-1.839196,-1.862527,0.007257,0.001578,-0.004376,2.845203,-12.361587,356.071541,-17.776386,357.560806,1.093400
-15.148247,356.734882,228.169388,-1.839071,-1.862140,0.004271,0.000928,-0.004352,2.839447,-12.389646,355.976538,-17.805515,357.465369,1.192800
-15.174591,356.639037,228.169930,-1.839012,-1.861764,0.001231,0.000268,-0.004328,2.834159,-12.417757,355.881354,-17.834590,357.370106,1.292200
-15.200933,356.543191,228.170468,-1.839018,-1.861397,-0.001859,-0.000404,-0.004303,2.829312,-12.446509,355.786152,-17.860943,357.274280,1.391600
-15.227279,356.447346,228.171002,-1.839092,-1.861043,-0.004997,-0.001086,-0.004278,2.824878,-12.475358,355.690776,-17.886984,357.178563,1.491000
-15.253635,356.351504,228.171530,-1.839235,-1.860703,-0.008182,-0.001779,-0.004253,2.820831,-12.504264,355.595213,-17.912975,357.083030,1.590400
-15.280008,356.255666,228.172054,-1.839446,-1.860375,-0.011411,-0.002481,-0.004227,2.817145,-12.533226,355.499463,-17.944177,356.989125,1.689800
-15.306405,356.159835,228.172573,-1.839728,-1.860063,-0.014683,-0.003192,-0.004200,2.813794,-12.562728,355.403655,-17.975755,356.895530,1.789200
-15.332832,356.064013,228.173087,-1.840081,-1.859767,-0.017994,-0.003912,-0.004174,2.810753,-12.592534,355.307723,-18.007457,356.802178,1.888600
-15.359296,355.968201,228.173595,-1.840506,-1.859488,-0.021344,-0.004641,-0.004146,2.807998,-12.622400,355.211598,-18.039282,356.709071,1.988000
-15.385805,355.872401,228.174097,-1.841004,-1.859227,-0.024729,-0.005377,-0.004119,2.805507,-12.652328,355.115278,-18.071247,356.616219,2.087400
-15.412365,355.776615,228.174594,-1.841575,-1.858984,-0.028148,-0.006121,-0.004091,2.803259,-12.682564,355.018831,-18.103336,356.523620,2.186800
-15.438983,355.680845,228.175086,-1.842221,-1.858761,-0.031599,-0.006872,-0.004063,2.801232,-12.713215,354.922284,-18.135566,356.431284,2.286200
-15.465666,355.585093,228.175571,-1.842942,-1.858559,-0.035079,-0.007629,-0.004034,2.799408,-12.744059,354.825575,-18.167932,356.339213,2.385600
-15.492422,355.489362,228.176051,-1.843738,-1.858378,-0.038587,-0.008393,-0.004005,2.797769,-12.775271,354.728756,-18.200449,356.247414,2.485000
-15.519258,355.393653,228.176524,-1.844610,-1.858220,-0.042120,-0.009162,-0.003976,2.796299,-12.806634,354.631763,-18.233106,356.155887,2.584400
-15.546181,355.297969,228.176991,-1.845559,-1.858085,-0.045676,-0.009936,-0.003946,2.794982,-12.838429,354.534674,-18.265918,356.064642,2.683800
-15.573199,355.202311,228.177451,-1.846586,-1.857975,-0.049253,-0.010716,-0.003916,2.793805,-12.870334,354.437397,-18.298890,355.973685,2.783200
-15.600318,355.106682,228.177905,-1.847690,-1.857890,-0.052850,-0.011500,-0.003886,2.792753,-12.902745,354.340048,-18.332009,355.883012,2.882600
-15.627547,355.011085,228.178353,-1.848872,-1.857831,-0.056464,-0.012288,-0.003855,2.791816,-12.935222,354.242502,-18.365293,355.792635,2.982000
-15.654892,354.915520,228.178794,-1.850133,-1.857799,-0.060093,-0.013079,-0.003824,2.790982,-12.968269,354.144899,-18.398739,355.702555,3.081400
-15.682362,354.819991,228.179228,-1.851472,-1.857794,-0.063736,-0.013874,-0.003793,2.790242,-13.001383,354.047102,-18.432347,355.612773,3.180800
-15.709963,354.724500,228.179655,-1.852891,-1.857819,-0.067389,-0.014672,-0.003761,2.789587,-13.035045,353.949246,-18.466119,355.523299,3.280200
-15.737704,354.629050,228.180075,-1.854389,-1.857873,-0.071052,-0.015472,-0.003729,2.789009,-13.068823,353.851210,-18.500063,355.434134,3.379600
-15.765592,354.533642,228.180488,-1.855967,-1.857957,-0.074723,-0.016274,-0.003697,2.788500,-13.103124,353.753110,-18.534176,355.345283,3.479000
-15.793633,354.438279,228.180894,-1.857625,-1.858073,-0.078399,-0.017078,-0.003665,2.788053,-13.137589,353.654846,-18.568461,355.256749,3.578400
-15.821837,354.342965,228.181293,-1.859362,-1.858220,-0.082079,-0.017883,-0.003632,2.787662,-13.172553,353.556521,-18.602928,355.168536,3.677800
-15.850210,354.247700,228.181684,-1.861180,-1.858401,-0.085760,-0.018689,-0.003599,2.787323,-13.207730,353.458046,-18.637568,355.080648,3.777200
-15.878760,354.152488,228.182069,-1.863078,-1.858614,-0.089442,-0.019496,-0.003566,2.787029,-13.243472,353.359532,-18.672387,354.993088,3.876600
-15.907494,354.057332,228.182446,-1.865056,-1.858862,-0.093123,-0.020303,-0.003533,2.786776,-13.279513,353.260902,-18.707393,354.905863,3.976000
-15.936420,353.962234,228.182815,-1.867114,-1.859145,-0.096800,-0.021109,-0.003500,2.786560,-13.315621,353.162088,-18.742578,354.818971,4.075400
-15.965546,353.867197,228.183177,-1.869252,-1.859464,-0.100471,-0.021915,-0.003466,2.786377,-13.346478,353.061454,-18.777955,354.732420,4.174800
-15.994879,353.772224,228.183532,-1.871471,-1.859819,-0.104137,-0.022721,-0.003433,2.786224,-13.376373,352.960289,-18.813516,354.646215,4.274200
-16.024426,353.677317,228.183880,-1.873769,-1.860211,-0.107794,-0.023525,-0.003399,2.786096,-13.406331,352.858910,-18.849266,354.560352,4.373600
-16.054195,353.582480,228.184219,-1.876147,-1.860641,-0.111441,-0.024327,-0.003365,2.785993,-13.436353,352.757314,-18.885214,354.474842,4.473000
-16.084193,353.487714,228.184552,-1.878605,-1.861110,-0.115076,-0.025128,-0.003330,2.785909,-13.466441,352.655497,-18.921352,354.389684,4.572400
-16.114428,353.393024,228.184877,-1.881143,-1.861618,-0.118699,-0.025926,-0.003296,2.785844,-13.497101,352.553622,-18.957683,354.304884,4.671800
-16.144907,353.298413,228.185194,-1.883759,-1.862165,-0.122307,-0.026722,-0.003262,2.785794,-13.528018,352.451595,-18.994217,354.220442,4.771200
-16.175637,353.203882,228.185504,-1.886455,-1.862753,-0.125899,-0.027515,-0.003227,2.785757,-13.559003,352.349346,-19.030939,354.136361,4.870600
-16.206625,353.109436,228.185807,-1.889229,-1.863381,-0.129473,-0.028305,-0.003192,2.785731,-13.590052,352.246881,-19.067869,354.052648,4.970000
-16.237879,353.015077,228.186102,-1.892082,-1.864052,-0.133029,-0.029091,-0.003158,2.785715,-13.621893,352.144433,-19.104996,353.969302,5.069400
-16.269406,352.920810,228.186390,-1.895012,-1.864764,-0.136565,-0.029874,-0.003123,2.785705,-13.653876,352.041797,-19.142338,353.886329,5.168800
-16.301213,352.826636,228.186671,-1.898020,-1.865518,-0.140079,-0.030653,-0.003088,2.785700,-13.686393,351.939099,-19.179876,353.803728,5.268200
-16.333306,352.732559,228.186944,-1.901106,-1.866317,-0.143570,-0.031427,-0.003053,2.785699,-13.719134,351.836235,-19.217623,353.721507,5.367600
-16.365693,352.638584,228.187211,-1.904268,-1.867158,-0.147037,-0.032197,-0.003018,2.785699,-13.752355,351.733302,-19.255577,353.639664,5.467000
-16.398380,352.544712,228.187470,-1.907506,-1.868044,-0.150479,-0.032962,-0.002983,2.785699,-13.785897,351.630241,-19.293733,353.558199,5.566400
-16.431375,352.450948,228.187722,-1.910821,-1.868975,-0.153894,-0.033722,-0.002948,2.785699,-13.819860,351.527086,-19.332099,353.477122,5.665800
-16.464684,352.357295,228.187967,-1.914210,-1.869950,-0.157281,-0.034476,-0.002913,2.785699,-13.854251,351.423850,-19.370668,353.396424,5.765200
-16.498314,352.263757,228.188205,-1.917674,-1.870970,-0.160640,-0.035225,-0.002878,2.785699,-13.888989,351.320501,-19.409452,353.316116,5.864600
-16.532271,352.170337,228.188436,-1.921213,-1.872038,-0.163968,-0.035968,-0.002843,2.785699,-13.924276,351.217113,-19.448439,353.236199,5.964000
-16.566562,352.077040,228.188661,-1.924825,-1.873151,-0.167265,-0.036705,-0.002808,2.785699,-13.959822,351.113587,-19.487635,353.156671,6.063400
-16.601193,351.983868,228.188879,-1.928509,-1.874309,-0.170530,-0.037435,-0.002773,2.785699,-13.996047,351.010081,-19.527041,353.077532,6.162800
-16.636171,351.890825,228.189091,-1.932267,-1.875517,-0.173762,-0.038159,-0.002738,2.785699,-14.032456,350.906405,-19.566658,352.998792,6.262200
-16.671501,351.797916,228.189296,-1.936095,-1.876770,-0.176960,-0.038876,-0.002703,2.785699,-14.069644,350.802798,-19.606488,352.920444,6.361600
-16.707190,351.705144,228.189495,-1.939995,-1.878072,-0.180123,-0.039586,-0.002668,2.785699,-14.107047,350.699041,-19.646526,352.842495,6.461000
-16.743243,351.612513,228.189688,-1.943965,-1.879422,-0.183250,-0.040289,-0.002633,2.785699,-14.145143,350.595323,-19.686776,352.764945,6.560400
-16.779668,351.520027,228.189874,-1.948004,-1.880819,-0.186339,-0.040984,-0.002599,2.785699,-14.183585,350.491515,-19.727242,352.687793,6.659800
-16.816469,351.427691,228.190055,-1.952112,-1.882266,-0.189391,-0.041671,-0.002564,2.785699,-14.222617,350.387714,-19.767914,352.611041,6.759200
-16.853651,351.335507,228.190231,-1.956288,-1.883761,-0.192405,-0.042351,-0.002529,2.785699,-14.262133,350.283883,-19.808795,352.534689,6.858600
-16.891222,351.243481,228.190400,-1.960531,-1.885304,-0.195379,-0.043022,-0.002495,2.785699,-14.302120,350.180021,-19.849901,352.458743,6.958000
-16.929186,351.151617,228.190564,-1.964841,-1.886898,-0.198312,-0.043686,-0.002460,2.785699,-14.334829,350.072907,-19.891208,352.383199,7.057400
-16.967548,351.059918,228.190724,-1.969216,-1.888541,-0.201205,-0.044340,-0.002425,2.785699,-14.365373,349.964580,-19.932731,352.308057,7.156800
-17.006314,350.968389,228.190877,-1.973655,-1.890232,-0.204056,-0.044986,-0.002391,2.785699,-14.396362,349.856114,-19.974461,352.233315,7.256200
-17.045490,350.877035,228.191026,-1.978159,-1.891975,-0.206865,-0.045623,-0.002357,2.785699,-14.427975,349.747579,-20.016411,352.158985,7.355600
-17.085078,350.785859,228.191171,-1.982725,-1.893766,-0.209631,-0.046251,-0.002323,2.785699,-14.460274,349.639013,-20.058567,352.085054,7.455000
-17.125086,350.694866,228.191310,-1.987353,-1.895607,-0.212353,-0.046870,-0.002288,2.785699,-14.493010,349.530307,-20.100940,352.011529,7.554400
-17.165517,350.604060,228.191445,-1.992042,-1.897498,-0.215032,-0.047480,-0.002254,2.785699,-14.526691,349.421688,-20.143521,351.938407,7.653800
-17.206376,350.513446,228.191576,-1.996792,-1.899440,-0.217665,-0.048080,-0.002220,2.785699,-14.560694,349.312880,-20.186313,351.865692,7.753200
-17.247668,350.423029,228.191703,-2.001600,-1.901431,-0.220253,-0.048671,-0.002186,2.785699,-14.595730,349.204214,-20.229321,351.793379,7.852600
-17.289397,350.332812,228.191826,-2.006467,-1.903474,-0.222796,-0.049252,-0.002153,2.785699,-14.631201,349.095416,-20.272538,351.721471,7.952000
-17.331567,350.242801,228.191946,-2.011391,-1.905566,-0.225292,-0.049822,-0.002119,2.785699,-14.667494,348.986671,-20.315964,351.649965,8.051400
-17.374182,350.153000,228.192061,-2.016372,-1.907709,-0.227742,-0.050383,-0.002085,2.785699,-14.704492,348.877930,-20.359603,351.578867,8.150800
-17.417247,350.063413,228.192174,-2.021407,-1.909901,-0.230145,-0.050934,-0.002052,2.785699,-14.742090,348.769149,-20.403454,351.508165,8.250200
-17.460764,349.974045,228.192283,-2.026497,-1.912144,-0.232500,-0.051474,-0.002018,2.785699,-14.780668,348.660516,-20.447514,351.437868,8.349600
-17.504738,349.884901,228.192389,-2.031640,-1.914437,-0.234807,-0.052004,-0.001985,2.785699,-14.819605,348.551733,-20.491790,351.367972,8.449000
-17.549172,349.795986,228.192493,-2.036835,-1.916779,-0.237066,-0.052524,-0.001951,2.785699,-14.859813,348.443259,-20.536274,351.298476,8.548400
-17.594070,349.707304,228.192594,-2.042081,-1.919172,-0.239277,-0.053033,-0.001918,2.785699,-14.900388,348.334649,-20.580968,351.229377,8.647800
-17.639435,349.618860,228.192693,-2.047378,-1.921616,-0.241439,-0.053531,-0.001885,2.785699,-14.942011,348.226251,-20.625870,351.160678,8.747200
-17.685269,349.530658,228.192789,-2.052723,-1.924108,-0.243552,-0.054018,-0.001852,2.785699,-14.984273,348.117869,-20.670985,351.092373,8.846600
-17.731577,349.442704,228.192883,-2.058116,-1.926650,-0.245616,-0.054495,-0.001819,2.785699,-15.027336,348.009591,-20.716308,351.024463,8.946000
-17.778360,349.355002,228.192976,-2.063556,-1.929242,-0.247630,-0.054961,-0.001786,2.785699,-15.071320,347.901489,-20.761841,350.956947,9.045400
-17.825622,349.267557,228.193067,-2.069042,-1.931883,-0.249595,-0.055415,-0.001753,2.785699,-15.115848,347.793367,-20.807590,350.889827,9.144800
-17.873364,349.180373,228.193156,-2.074572,-1.934573,-0.251510,-0.055859,-0.001720,2.785699,-15.161586,347.685600,-20.853542,350.823092,9.244200
-17.921590,349.093456,228.193244,-2.080146,-1.937312,-0.253375,-0.056291,-0.001687,2.785699,-15.207698,347.577733,-20.899708,350.756751,9.343600
-17.970302,349.006810,228.193331,-2.085763,-1.940100,-0.255190,-0.056713,-0.001654,2.785699,-15.255127,347.470299,-20.946082,350.690797,9.443000
-18.019501,348.920440,228.193417,-2.091420,-1.942936,-0.256955,-0.057123,-0.001621,2.785699,-15.303022,347.362838,-20.992667,350.625225,9.542400
-18.069190,348.834351,228.193502,-2.097118,-1.945821,-0.258670,-0.057521,-0.001588,2.785699,-15.351985,347.255691,-21.039459,350.560037,9.641800
-18.119370,348.748547,228.193586,-2.102855,-1.948754,-0.260335,-0.057909,-0.001555,2.785699,-15.401688,347.148687,-21.086467,350.495235,9.741200
-18.170043,348.663034,228.193670,-2.108630,-1.951734,-0.261949,-0.058285,-0.001522,2.785699,-15.452199,347.041871,-21.133679,350.430809,9.840600
-18.221211,348.577816,228.193754,-2.114442,-1.954763,-0.263514,-0.058649,-0.001489,2.785699,-15.503725,346.935378,-21.181104,350.366764,9.940000
-18.272875,348.492897,228.193837,-2.120289,-1.957838,-0.265028,-0.059003,-0.001456,2.785699,-15.555799,346.828940,-21.228737,350.303089,10.039400
-18.325036,348.408283,228.193921,-2.126171,-1.960960,-0.266492,-0.059345,-0.001423,2.785699,-15.609158,346.723014,-21.276584,350.239791,10.138800
-18.377695,348.323978,228.194004,-2.132087,-1.964129,-0.267906,-0.059675,-0.001390,2.785699,-15.662877,346.617039,-21.324638,350.176865,10.238200
-18.430853,348.239986,228.194088,-2.138034,-1.967343,-0.269271,-0.059994,-0.001357,2.785699,-15.718006,346.511690,-21.372905,350.114303,10.337600
-18.484511,348.156314,228.194172,-2.144013,-1.970604,-0.270585,-0.060302,-0.001324,2.785699,-15.773559,346.406351,-21.421386,350.052114,10.437000
-18.538670,348.072964,228.194257,-2.150022,-1.973911,-0.271850,-0.060598,-0.001291,2.785699,-15.830281,346.301509,-21.470077,349.990287,10.536400
-18.593330,347.989942,228.194342,-2.156059,-1.977262,-0.273065,-0.060883,-0.001257,2.785699,-15.887670,346.196857,-21.518983,349.928819,10.635800
-18.648491,347.907252,228.194428,-2.162125,-1.980659,-0.274231,-0.061156,-0.001224,2.785699,-15.945983,346.092567,-21.568097,349.867714,10.735200
-18.704154,347.824900,228.194515,-2.168217,-1.984099,-0.275347,-0.061418,-0.001190,2.785699,-16.005206,345.988652,-21.617424,349.806963,10.834600
-18.760318,347.742888,228.194603,-2.174334,-1.987584,-0.276415,-0.061669,-0.001156,2.785699,-16.065114,345.884969,-21.666966,349.746565,10.934000
-18.816984,347.661223,228.194692,-2.180476,-1.991112,-0.277434,-0.061908,-0.001122,2.785699,-16.126165,345.781842,-21.716720,349.686521,11.033400
-18.874152,347.579907,228.194782,-2.186641,-1.994683,-0.278404,-0.062136,-0.001088,2.785699,-16.187668,345.678805,-21.766695,349.626827,11.132800
-18.931821,347.498947,228.194873,-2.192829,-1.998298,-0.279326,-0.062353,-0.001054,2.785699,-16.250534,345.576512,-21.816880,349.567482,11.232200
-18.989990,347.418345,228.194965,-2.199037,-2.001954,-0.280200,-0.062559,-0.001019,2.785699,-16.313706,345.474229,-21.867282,349.508478,11.331600
-19.048660,347.338106,228.195059,-2.205265,-2.005652,-0.281026,-0.062753,-0.000985,2.785699,-16.378292,345.372764,-21.917901,349.449814,11.431000
-19.107828,347.258235,228.195154,-2.211512,-2.009392,-0.281805,-0.062937,-0.000950,2.785699,-16.443256,345.271379,-21.968734,349.391489,11.530400
-19.167496,347.178736,228.195250,-2.217776,-2.013172,-0.282537,-0.063109,-0.000915,2.785699,-16.509418,345.170692,-22.019791,349.333501,11.629800
-19.227661,347.099613,228.195348,-2.224058,-2.016993,-0.283221,-0.063271,-0.000879,2.785699,-16.576156,345.070247,-22.071062,349.275849,11.729200
-19.288322,347.020869,228.195447,-2.230354,-2.020853,-0.283860,-0.063421,-0.000843,2.785699,-16.643882,344.970380,-22.122560,349.218527,11.828600
-19.349478,346.942510,228.195548,-2.236665,-2.024753,-0.284452,-0.063561,-0.000807,2.785699,-16.712368,344.870924,-22.174271,349.161531,11.928000
-19.411129,346.864538,228.195650,-2.242990,-2.028692,-0.284999,-0.063690,-0.000771,2.785699,-16.781649,344.771917,-22.226213,349.104869,12.027400
-19.473271,346.786959,228.195753,-2.249327,-2.032670,-0.285500,-0.063808,-0.000734,2.785699,-16.851863,344.673490,-22.278383,349.048536,12.126800
-19.535905,346.709775,228.195858,-2.255675,-2.036685,-0.285956,-0.063916,-0.000697,2.785699,-16.922683,344.575394,-22.330779,348.992523,12.226200
-19.599027,346.632990,228.195965,-2.262033,-2.040737,-0.286368,-0.064013,-0.000659,2.785699,-16.994596,344.478039,-22.383401,348.936829,12.325600
-19.662637,346.556609,228.196073,-2.268400,-2.044826,-0.286736,-0.064100,-0.000622,2.785699,-17.066935,344.380891,-22.436248,348.881450,12.425000
-19.726732,346.480634,228.196182,-2.274776,-2.048951,-0.287060,-0.064177,-0.000583,2.785699,-17.140518,344.284642,-22.489319,348.826386,12.524400
-19.791311,346.405070,228.196293,-2.281158,-2.053112,-0.287340,-0.064243,-0.000545,2.785699,-17.214356,344.188483,-22.542621,348.771630,12.623800
-19.856371,346.329920,228.196405,-2.287547,-2.057309,-0.287578,-0.064299,-0.000506,2.785699,-17.289578,344.093383,-22.596148,348.717184,12.723200
-19.921910,346.255187,228.196518,-2.293941,-2.061540,-0.287773,-0.064346,-0.000466,2.785699,-17.364998,343.998336,-22.649910,348.663048,12.822600
-19.987925,346.180875,228.196632,-2.300338,-2.065803,-0.287927,-0.064382,-0.000426,2.785699,-17.441724,343.904336,-22.703904,348.609212,12.922000
-20.054414,346.106987,228.196748,-2.306739,-2.070102,-0.288039,-0.064408,-0.000385,2.785699,-17.518730,343.810477,-22.758126,348.555676,13.021400
-20.121376,346.033526,228.196864,-2.313142,-2.074433,-0.288110,-0.064425,-0.000344,2.785699,-17.596900,343.717571,-22.812584,348.502441,13.120800
-20.188806,345.960495,228.196982,-2.319547,-2.078797,-0.288140,-0.064432,-0.000303,2.785699,-17.675461,343.624930,-22.867274,348.449503,13.220200
-20.256703,345.887898,228.197100,-2.325951,-2.083191,-0.288131,-0.064430,-0.000261,2.785699,-17.755040,343.533155,-22.922203,348.396857,13.319600
-20.325063,345.815737,228.197219,-2.332355,-2.087618,-0.288082,-0.064418,-0.000218,2.785699,-17.835114,343.441764,-22.977369,348.344505,13.419000
-20.393884,345.744015,228.197338,-2.338757,-2.092074,-0.287994,-0.064398,-0.000175,2.785699,-17.916080,343.351152,-23.032773,348.292441,13.518400
-20.463162,345.672736,228.197458,-2.345157,-2.096561,-0.287867,-0.064368,-0.000131,2.785699,-17.997631,343.261039,-23.088419,348.240671,13.617800
-20.532895,345.601901,228.197578,-2.351553,-2.101077,-0.287703,-0.064329,-0.000087,2.785699,-18.079955,343.171627,-23.144301,348.189177,13.717200
-20.603080,345.531513,228.197699,-2.357945,-2.105621,-0.287501,-0.064281,-0.000042,2.785699,-18.162941,343.082816,-23.200432,348.137975,13.816600
-20.673713,345.461575,228.197819,-2.364332,-2.110194,-0.287262,-0.064225,0.000004,2.785699,-18.246592,342.994628,-23.256803,348.087050,13.916000
-20.744791,345.392089,228.197939,-2.370713,-2.114795,-0.286987,-0.064160,0.000050,2.785699,-18.330973,342.907143,-23.313415,348.036402,14.015400
-20.816311,345.323059,228.198059,-2.377087,-2.119422,-0.286676,-0.064086,0.000097,2.785699,-18.415921,342.820213,-23.370287,347.986046,14.114800
-20.888269,345.254485,228.198178,-2.383453,-2.124076,-0.286330,-0.064004,0.000144,2.785699,-18.501653,342.734078,-23.427416,347.935974,14.214200
-20.960661,345.186370,228.198297,-2.389811,-2.128755,-0.285948,-0.063914,0.000193,2.785699,-18.587865,342.648430,-23.484788,347.886173,14.313600
-21.033485,345.118717,228.198415,-2.396159,-2.133459,-0.285533,-0.063816,0.000241,2.785699,-18.674906,342.563662,-23.542415,347.836648,14.413000
-21.106737,345.051527,228.198532,-2.402497,-2.138188,-0.285084,-0.063710,0.000291,2.785699,-18.762348,342.479325,-23.600288,347.787386,14.512400
-21.180413,344.984802,228.198648,-2.408824,-2.142941,-0.284602,-0.063596,0.000342,2.785699,-18.850657,342.395942,-23.658417,347.738397,14.611800
-21.254509,344.918544,228.198762,-2.415140,-2.147717,-0.284087,-0.063475,0.000393,2.785699,-18.939298,342.312937,-23.716797,347.689677,14.711200
-21.329022,344.852755,228.198874,-2.421443,-2.152516,-0.283540,-0.063346,0.000445,2.785699,-19.028830,342.230953,-23.775436,347.641222,14.810600
-21.403947,344.787436,228.198985,-2.427733,-2.157337,-0.282961,-0.063209,0.000497,2.785699,-19.118633,342.149304,-23.834331,347.593035,14.910000
-21.479281,344.722590,228.199093,-2.434009,-2.162179,-0.282352,-0.063066,0.000551,2.785699,-19.209341,342.068732,-23.893480,347.545106,15.009400
-21.555021,344.658217,228.199200,-2.440270,-2.167041,-0.281712,-0.062915,0.000605,2.785699,-19.300270,341.988457,-23.952888,347.497435,15.108800
-21.631161,344.594319,228.199303,-2.446516,-2.171925,-0.281042,-0.062757,0.000660,2.785699,-19.392112,341.909308,-24.012560,347.450032,15.208200
-21.707698,344.530897,228.199404,-2.452746,-2.176827,-0.280343,-0.062593,0.000716,2.785699,-19.484132,341.830425,-24.072487,347.402881,15.307600
-21.784629,344.467953,228.199502,-2.458959,-2.181749,-0.279615,-0.062421,0.000773,2.785699,-19.577064,341.752709,-24.132682,347.355993,15.407000
-21.861949,344.405487,228.199597,-2.465155,-2.186689,-0.278859,-0.062243,0.000830,2.785699,-19.670140,341.675235,-24.193136,347.309356,15.506400
-21.939653,344.343500,228.199688,-2.471333,-2.191647,-0.278076,-0.062059,0.000888,2.785699,-19.764117,341.598957,-24.253851,347.262973,15.605800
-22.017739,344.281994,228.199775,-2.477492,-2.196621,-0.277265,-0.061869,0.000948,2.785699,-19.858210,341.522906,-24.314842,347.216852,15.705200
-22.096201,344.220970,228.199859,-2.483632,-2.201613,-0.276428,-0.061672,0.001008,2.785699,-19.953187,341.448071,-24.376090,347.170975,15.804600
-22.175036,344.160428,228.199938,-2.489752,-2.206620,-0.275564,-0.061469,0.001068,2.785699,-20.048260,341.373454,-24.437612,347.125358,15.904000
-22.254240,344.100368,228.200012,-2.495852,-2.211643,-0.274675,-0.061260,0.001130,2.785699,-20.144197,341.300065,-24.499412,347.080005,16.003400
-22.333807,344.040792,228.200082,-2.501931,-2.216680,-0.273762,-0.061046,0.001193,2.785699,-20.240216,341.226894,-24.561481,347.034904,16.102800
-22.413735,343.981700,228.200147,-2.507988,-2.221732,-0.272823,-0.060826,0.001256,2.785699,-20.337067,341.154957,-24.623821,346.990051,16.202200
-22.494018,343.923092,228.200206,-2.514023,-2.226797,-0.271861,-0.060601,0.001321,2.785699,-20.433993,341.083241,-24.686428,346.945443,16.301600
-22.574653,343.864969,228.200260,-2.520035,-2.231874,-0.270876,-0.060370,0.001386,2.785699,-20.531714,341.012751,-24.749310,346.901083,16.401000
-22.655636,343.807330,228.200308,-2.526024,-2.236964,-0.269867,-0.060134,0.001452,2.785699,-20.629509,340.942495,-24.812464,346.856969,16.500400
-22.736961,343.750177,228.200350,-2.531989,-2.242066,-0.268837,-0.059893,0.001519,2.785699,-20.728060,340.873452,-24.875892,346.813104,16.599800
-22.818626,343.693509,228.200386,-2.537930,-2.247179,-0.267784,-0.059647,0.001587,2.785699,-20.826688,340.804663,-24.939591,346.769479,16.699200
-22.900624,343.637326,228.200415,-2.543847,-2.252303,-0.266710,-0.059396,0.001656,2.785699,-20.926028,340.737059,-25.003565,346.726105,16.798600
-22.982953,343.581628,228.200437,-2.549738,-2.257437,-0.265616,-0.059140,0.001726,2.785699,-21.025449,340.669738,-25.067815,346.682970,16.898000
-23.065608,343.526415,228.200451,-2.555604,-2.262580,-0.264501,-0.058880,0.001797,2.785699,-21.125539,340.603574,-25.132340,346.640081,16.997400
-23.148585,343.471687,228.200459,-2.561443,-2.267731,-0.263367,-0.058615,0.001868,2.785699,-21.225720,340.537729,-25.197142,346.597431,17.096800
-23.231879,343.417443,228.200459,-2.567256,-2.272891,-0.262213,-0.058346,0.001941,2.785699,-21.326516,340.472996,-25.262222,346.555027,17.196200
-23.315487,343.363683,228.200451,-2.573042,-2.278059,-0.261040,-0.058073,0.002014,2.785699,-21.427420,340.408618,-25.327580,346.512865,17.295600
-23.399403,343.310407,228.200434,-2.578801,-2.283234,-0.259849,-0.057796,0.002088,2.785699,-21.528885,340.345310,-25.393214,346.470945,17.395000
-23.483624,343.257613,228.200409,-2.584532,-2.288416,-0.258641,-0.057514,0.002163,2.785699,-21.630477,340.282402,-25.459127,346.429265,17.494400
-23.568146,343.205302,228.200376,-2.590235,-2.293603,-0.257415,-0.057229,0.002239,2.785699,-21.732574,340.220509,-25.525315,346.387821,17.593800
-23.652963,343.153473,228.200333,-2.595909,-2.298796,-0.256172,-0.056941,0.002316,2.785699,-21.834814,340.159069,-25.591787,346.346625,17.693200
-23.738073,343.102124,228.200282,-2.601554,-2.303993,-0.254913,-0.056648,0.002394,2.785699,-21.937503,340.098581,-25.658539,346.305665,17.792600
-23.823471,343.051256,228.200220,-2.607171,-2.309196,-0.253638,-0.056352,0.002473,2.785699,-22.040363,340.038599,-25.725574,346.264962,17.892000
-23.909152,343.000867,228.200150,-2.612757,-2.314402,-0.252347,-0.056053,0.002553,2.785699,-22.143608,339.979507,-25.792892,346.224495,17.991400
-23.995112,342.950955,228.200069,-2.618314,-2.319611,-0.251042,-0.055750,0.002633,2.785699,-22.247050,339.920983,-25.860489,346.184272,18.090800
-24.081348,342.901521,228.199978,-2.623840,-2.324823,-0.249722,-0.055445,0.002714,2.785699,-22.350819,339.863275,-25.928366,346.144284,18.190200
-24.167855,342.852563,228.199876,-2.629336,-2.330037,-0.248388,-0.055136,0.002796,2.785699,-22.454808,339.806200,-25.996522,346.104537,18.289600
-24.254629,342.804080,228.199764,-2.634801,-2.335253,-0.247040,-0.054824,0.002879,2.785699,-22.559067,339.749861,-26.064958,346.065029,18.389000
-24.341665,342.756070,228.199641,-2.640235,-2.340470,-0.245679,-0.054510,0.002963,2.785699,-22.663570,339.694225,-26.133675,346.025763,18.488400
-24.428961,342.708533,228.199507,-2.645638,-2.345688,-0.244306,-0.054192,0.003048,2.785699,-22.768286,339.639241,-26.202666,345.986729,18.587800
-24.516511,342.661467,228.199361,-2.651008,-2.350905,-0.242920,-0.053872,0.003134,2.785699,-22.873269,339.585038,-26.271944,345.947937,18.687200
-24.604313,342.614870,228.199204,-2.656347,-2.356122,-0.241522,-0.053550,0.003220,2.785699,-22.978408,339.531397,-26.341497,345.909380,18.786600
-24.692361,342.568741,228.199035,-2.661654,-2.361339,-0.240112,-0.053225,0.003307,2.785699,-23.083846,339.478610,-26.411326,345.871060,18.886000
-24.780652,342.523078,228.198854,-2.666928,-2.366554,-0.238692,-0.052898,0.003395,2.785699,-23.189377,339.426298,-26.481440,345.832981,18.985400
-24.869181,342.477881,228.198662,-2.672170,-2.371767,-0.237260,-0.052568,0.003484,2.785699,-23.295234,339.374917,-26.551828,345.795142,19.084800
-24.957946,342.433146,228.198456,-2.677379,-2.376978,-0.235819,-0.052237,0.003573,2.785699,-23.401130,339.323916,-26.622495,345.757538,19.184200
-25.046942,342.388874,228.198238,-2.682555,-2.382186,-0.234367,-0.051903,0.003663,2.785699,-23.507377,339.273928,-26.693437,345.720168,19.283600
-25.136165,342.345060,228.198008,-2.687697,-2.387391,-0.232906,-0.051568,0.003754,2.785699,-23.613606,339.224222,-26.764662,345.683040,19.383000
-25.225611,342.301705,228.197764,-2.692806,-2.392591,-0.231436,-0.051230,0.003846,2.785699,-23.720211,339.175612,-26.836160,345.646149,19.482400
-25.315277,342.258806,228.197508,-2.697882,-2.397789,-0.229957,-0.050891,0.003938,2.785699,-23.826749,339.127183,-26.907934,345.609499,19.581800
-25.405159,342.216361,228.197238,-2.702923,-2.402980,-0.228470,-0.050550,0.004031,2.785699,-23.933686,339.079938,-26.979986,345.573082,19.681200
-25.495253,342.174368,228.196955,-2.707931,-2.408167,-0.226975,-0.050207,0.004125,2.785699,-24.040505,339.032772,-27.052311,345.536907,19.780600
-25.585555,342.132825,228.196658,-2.712905,-2.413349,-0.225472,-0.049863,0.004219,2.785699,-24.147748,338.986871,-27.124909,345.500966,19.880000
-25.676063,342.091731,228.196348,-2.717844,-2.418523,-0.223961,-0.049518,0.004314,2.785699,-24.254856,338.941029,-27.197784,345.465264,19.979400
-25.766771,342.051082,228.196024,-2.722749,-2.423692,-0.222444,-0.049171,0.004410,2.785699,-24.362340,338.896379,-27.270929,345.429797,20.078800
-25.857677,342.010877,228.195686,-2.727619,-2.428853,-0.220920,-0.048823,0.004506,2.785699,-24.469722,338.851865,-27.344351,345.394576,20.178200
-25.948777,341.971114,228.195334,-2.732455,-2.434008,-0.219390,-0.048474,0.004603,2.785699,-24.577415,338.808425,-27.418045,345.359597,20.277600
-26.040068,341.931790,228.194967,-2.737256,-2.439154,-0.217854,-0.048123,0.004701,2.785699,-24.685048,338.765222,-27.492011,345.324857,20.377000
-26.131545,341.892903,228.194586,-2.742022,-2.444292,-0.216312,-0.047772,0.004799,2.785699,-24.792924,338.722972,-27.566244,345.290352,20.476400
-26.223207,341.854451,228.194191,-2.746753,-2.449421,-0.214765,-0.047419,0.004897,2.785699,-24.900781,338.681061,-27.640750,345.256089,20.575800
-26.315048,341.816432,228.193781,-2.751448,-2.454541,-0.213213,-0.047066,0.004996,2.785699,-25.008816,338.639983,-27.715521,345.222052,20.675200
-26.407066,341.778843,228.193357,-2.756109,-2.459652,-0.211657,-0.046712,0.005096,2.785699,-25.116873,338.599346,-27.790559,345.188265,20.774600
-26.499258,341.741681,228.192918,-2.760735,-2.464753,-0.210096,-0.046357,0.005196,2.785699,-25.225056,338.559418,-27.865859,345.154706,20.874000
-26.591620,341.704944,228.192464,-2.765325,-2.469843,-0.208530,-0.046001,0.005297,2.785699,-25.333290,338.520035,-27.941426,345.121384,20.973400
-26.684150,341.668631,228.191995,-2.769880,-2.474924,-0.206962,-0.045645,0.005397,2.785699,-25.441594,338.481241,-28.017258,345.088307,21.072800
-26.776843,341.632737,228.191511,-2.774399,-2.479992,-0.205389,-0.045289,0.005499,2.785699,-25.549984,338.443092,-28.093353,345.055460,21.172200
-26.869696,341.597261,228.191012,-2.778883,-2.485050,-0.203814,-0.044931,0.005601,2.785699,-25.658391,338.405412,-28.169705,345.022849,21.271600
-26.962707,341.562200,228.190499,-2.783332,-2.490096,-0.202236,-0.044574,0.005703,2.785702,-25.766917,338.368473,-28.246317,344.990478,21.371000
-27.055873,341.527552,228.189970,-2.787744,-2.495128,-0.200655,-0.044216,0.005805,2.785709,-25.875407,338.331887,-28.323193,344.958341,21.470400
-27.149190,341.493313,228.189425,-2.792122,-2.500150,-0.199072,-0.043857,0.005908,2.785721,-25.984048,338.296139,-28.400322,344.926445,21.569800
-27.242655,341.459482,228.188866,-2.796463,-2.505158,-0.197486,-0.043499,0.006011,2.785741,-26.092606,338.260626,-28.477710,344.894779,21.669200
-27.336266,341.426055,228.188292,-2.800769,-2.510152,-0.195899,-0.043140,0.006115,2.785770,-26.201339,338.226048,-28.555350,344.863349,21.768600
-27.430019,341.393029,228.187702,-2.805039,-2.515133,-0.194311,-0.042781,0.006218,2.785810,-26.309951,338.191589,-28.633247,344.832161,21.868000
-27.523912,341.360403,228.187097,-2.809274,-2.520101,-0.192721,-0.042422,0.006322,2.785864,-26.418761,338.158160,-28.711391,344.801198,21.967400
-27.617942,341.328173,228.186476,-2.813473,-2.525054,-0.191130,-0.042064,0.006426,2.785932,-26.527425,338.124776,-28.789790,344.770478,22.066800
-27.712105,341.296336,228.185841,-2.817636,-2.529992,-0.189539,-0.041705,0.006531,2.786017,-26.636278,338.092433,-28.868437,344.739989,22.166200
-27.806400,341.264890,228.185190,-2.821764,-2.534915,-0.187947,-0.041346,0.006635,2.786121,-26.745000,338.060172,-28.947331,344.709738,22.265600
-27.900823,341.233832,228.184523,-2.825856,-2.539824,-0.186354,-0.040987,0.006740,2.786247,-26.853861,338.028824,-29.026473,344.679723,22.365000
-27.995372,341.203158,228.183842,-2.829912,-2.544716,-0.184762,-0.040629,0.006844,2.786395,-26.962621,337.997666,-29.105861,344.649938,22.464400
-28.090044,341.172867,228.183145,-2.833933,-2.549593,-0.183169,-0.040271,0.006949,2.786570,-27.071476,337.967293,-29.185491,344.620391,22.563800
-28.184836,341.142955,228.182433,-2.837918,-2.554453,-0.181578,-0.039913,0.007054,2.786773,-27.180262,337.937214,-29.265362,344.591072,22.663200
-28.279746,341.113419,228.181706,-2.841868,-2.559297,-0.179986,-0.039556,0.007159,2.787006,-27.289098,337.907796,-29.345475,344.561994,22.762600
-28.374772,341.084257,228.180964,-2.845782,-2.564124,-0.178396,-0.039198,0.007264,2.787274,-27.397895,337.878773,-29.425826,344.533140,22.862000
-28.469911,341.055465,228.180206,-2.849660,-2.568934,-0.176807,-0.038842,0.007369,2.787578,-27.506696,337.850292,-29.506418,344.504525,22.961400
-28.565160,341.027040,228.179434,-2.853503,-2.573726,-0.175219,-0.038486,0.007475,2.787923,-27.615489,337.822304,-29.587243,344.476137,23.060800
-28.660517,340.998981,228.178646,-2.857311,-2.578501,-0.173633,-0.038130,0.007580,2.788310,-27.724251,337.794738,-29.668301,344.447984,23.160200
-28.755980,340.971282,228.177844,-2.861084,-2.583259,-0.172048,-0.037775,0.007684,2.788745,-27.833029,337.767759,-29.749591,344.420061,23.259600
-28.851546,340.943943,228.177026,-2.864821,-2.587997,-0.170465,-0.037421,0.007789,2.789231,-27.941736,337.741089,-29.831114,344.392370,23.359000
-28.947213,340.916959,228.176194,-2.868523,-2.592718,-0.168884,-0.037067,0.007894,2.789772,-28.050481,337.715098,-29.912864,344.364904,23.458400
-29.042979,340.890328,228.175347,-2.872190,-2.597420,-0.167306,-0.036714,0.007999,2.790372,-28.159128,337.689306,-29.994844,344.337676,23.557800
-29.138842,340.864046,228.174486,-2.875822,-2.602102,-0.165730,-0.036362,0.008103,2.791036,-28.267833,337.664280,-30.077049,344.310674,23.657200
-29.234799,340.838111,228.173610,-2.879419,-2.606766,-0.164157,-0.036010,0.008208,2.791769,-28.376410,337.639348,-30.159477,344.283897,23.756600
-29.330848,340.812520,228.172719,-2.882981,-2.611410,-0.162586,-0.035660,0.008312,2.792576,-28.485060,337.615263,-30.242127,344.257348,23.856000
-29.426987,340.787269,228.171814,-2.886508,-2.616034,-0.161019,-0.035310,0.008416,2.793463,-28.593566,337.591211,-30.325001,344.231035,23.955400
-29.523214,340.762356,228.170895,-2.890000,-2.620638,-0.159455,-0.034961,0.008519,2.794435,-28.702141,337.568007,-30.408094,344.204945,24.054800
-29.619528,340.737778,228.169961,-2.893458,-2.625223,-0.157895,-0.034613,0.008623,2.795499,-28.810587,337.544873,-30.491402,344.179081,24.154200
-29.715925,340.713531,228.169013,-2.896881,-2.629786,-0.156337,-0.034266,0.008726,2.796661,-28.919065,337.522469,-30.574927,344.153443,24.253600
-29.812404,340.689612,228.168052,-2.900270,-2.634330,-0.154784,-0.033920,0.008829,2.797927,-29.027436,337.500229,-30.658665,344.128034,24.353000
-29.908963,340.666019,228.167076,-2.903625,-2.638853,-0.153235,-0.033575,0.008931,2.799305,-29.135813,337.478607,-30.742613,344.102846,24.452400
-30.005601,340.642749,228.166087,-2.906945,-2.643354,-0.151690,-0.033231,0.009033,2.800803,-29.244102,337.457241,-30.826773,344.077880,24.551800
-30.102315,340.619797,228.165084,-2.910231,-2.647834,-0.150149,-0.032889,0.009135,2.802427,-29.352365,337.436381,-30.911141,344.053136,24.651200
-30.199103,340.597162,228.164068,-2.913483,-2.652293,-0.148612,-0.032547,0.009236,2.804186,-29.460563,337.415862,-30.995717,344.028620,24.750600
-30.295964,340.574840,228.163038,-2.916702,-2.656731,-0.147080,-0.032206,0.009337,2.806088,-29.568714,337.395747,-31.080494,344.004325,24.850000
-30.392897,340.552829,228.161995,-2.919886,-2.661146,-0.145553,-0.031867,0.009438,2.808142,-29.676814,337.376057,-31.165477,343.980241,24.949400
-30.489898,340.531124,228.160938,-2.923037,-2.665539,-0.144030,-0.031529,0.009538,2.810356,-29.784841,337.356671,-31.250661,343.956389,25.048800
-30.586967,340.509724,228.159869,-2.926154,-2.669910,-0.142513,-0.031193,0.009637,2.812738,-29.892837,337.337788,-31.336043,343.932744,25.148200
-30.684102,340.488625,228.158787,-2.929238,-2.674259,-0.141001,-0.030857,0.009737,2.815298,-30.000738,337.319113,-31.421622,343.909321,25.247600
-30.781301,340.467823,228.157693,-2.932288,-2.678585,-0.139494,-0.030523,0.009835,2.818045,-30.108621,337.301012,-31.507400,343.886118,25.347000
-30.878562,340.447317,228.156585,-2.935306,-2.682889,-0.137992,-0.030190,0.009933,2.820987,-30.216392,337.283028,-31.593367,343.863131,25.446400
-30.975885,340.427103,228.155466,-2.938290,-2.687170,-0.136497,-0.029859,0.010031,2.824134,-30.324157,337.265688,-31.679530,343.840356,25.545800
-31.073268,340.407177,228.154334,-2.941242,-2.691428,-0.135007,-0.029529,0.010128,2.827494,-30.431795,337.248380,-31.765881,343.817800,25.645200
-31.170708,340.387538,228.153190,-2.944161,-2.695663,-0.133522,-0.029200,0.010224,2.831076,-30.539438,337.231779,-31.852419,343.795452,25.744600
-31.268205,340.368182,228.152034,-2.947047,-2.699874,-0.132044,-0.028873,0.010320,2.834888,-30.646948,337.215199,-31.939146,343.773322,25.844000
-31.365757,340.349105,228.150866,-2.949901,-2.704062,-0.130572,-0.028548,0.010415,2.838939,-30.754449,337.199246,-32.026057,343.751402,25.943400
-31.463363,340.330305,228.149686,-2.952722,-2.708226,-0.129106,-0.028224,0.010510,2.843236,-30.861832,337.183381,-32.113152,343.729691,26.042800
-31.561021,340.311779,228.148495,-2.955512,-2.712368,-0.127647,-0.027901,0.010603,2.847788,-30.969188,337.168053,-32.200424,343.708187,26.142200
-31.658731,340.293524,228.147293,-2.958269,-2.716484,-0.126194,-0.027580,0.010697,2.852600,-31.076440,337.152887,-32.287880,343.686892,26.241600
-31.756490,340.275537,228.146080,-2.960995,-2.720578,-0.124748,-0.027261,0.010789,2.857680,-31.183646,337.138165,-32.375510,343.665810,26.341000
-31.854297,340.257815,228.144855,-2.963689,-2.724647,-0.123309,-0.026943,0.010881,2.863034,-31.290764,337.123672,-32.463316,343.644931,26.440400
-31.952151,340.240355,228.143620,-2.966351,-2.728691,-0.121877,-0.026627,0.010972,2.868667,-31.397815,337.109539,-32.551298,343.624261,26.539800
-32.050052,340.223154,228.142374,-2.968982,-2.732712,-0.120451,-0.026312,0.011062,2.874585,-31.504794,337.095700,-32.639451,343.603791,26.639200
-32.147997,340.206210,228.141118,-2.971582,-2.736708,-0.119033,-0.026000,0.011152,2.880791,-31.611695,337.082140,-32.727772,343.583520,26.738600
-32.245985,340.189518,228.139851,-2.974151,-2.740679,-0.117622,-0.025689,0.011241,2.887289,-31.718531,337.068936,-32.816264,343.563464,26.838000
-32.344016,340.173076,228.138574,-2.976689,-2.744626,-0.116218,-0.025379,0.011329,2.894082,-31.825278,337.055935,-32.904921,343.543599,26.937400
-32.442088,340.156882,228.137287,-2.979196,-2.748548,-0.114822,-0.025072,0.011416,2.901172,-31.931968,337.043347,-32.993744,343.523935,27.036800
-32.540200,340.140933,228.135990,-2.981673,-2.752446,-0.113434,-0.024766,0.011503,2.908561,-32.038559,337.030889,-33.082729,343.504473,27.136200
-32.638351,340.125225,228.134684,-2.984120,-2.756319,-0.112053,-0.024462,0.011589,2.916250,-32.145105,337.018894,-33.171874,343.485211,27.235600
-32.736540,340.109756,228.133368,-2.986536,-2.760166,-0.110680,-0.024160,0.011674,2.924238,-32.251538,337.006963,-33.261181,343.466138,27.335000
-32.834765,340.094522,228.132043,-2.988923,-2.763990,-0.109315,-0.023859,0.011758,2.932525,-32.357935,336.995545,-33.350641,343.447262,27.434400
-32.933027,340.079522,228.130709,-2.991280,-2.767787,-0.107958,-0.023561,0.011841,2.941109,-32.464216,336.984140,-33.440260,343.428590,27.533800
-33.031323,340.064751,228.129365,-2.993607,-2.771560,-0.106609,-0.023264,0.011923,2.949990,-32.570458,336.973267,-33.530032,343.410099,27.633200
-33.129654,340.050208,228.128013,-2.995905,-2.775307,-0.105269,-0.022969,0.012005,2.959164,-32.676591,336.962416,-33.619957,343.391806,27.732600
-33.228017,340.035890,228.126652,-2.998173,-2.779029,-0.103937,-0.022677,0.012085,2.968628,-32.782672,336.952021,-33.710034,343.373703,27.832000
-33.326412,340.021793,228.125283,-3.000413,-2.782726,-0.102613,-0.022386,0.012165,2.978378,-32.888654,336.941706,-33.800256,343.355786,27.931400
-33.424839,340.007916,228.123905,-3.002623,-2.786397,-0.101298,-0.022097,0.012244,2.988410,-32.994576,336.931778,-33.890630,343.338059,28.030800
-33.523295,339.994254,228.122520,-3.004806,-2.790043,-0.099991,-0.021810,0.012322,2.998720,-33.100409,336.921983,-33.981143,343.320522,28.130200
-33.621781,339.980806,228.121126,-3.006959,-2.793663,-0.098693,-0.021525,0.012399,3.009302,-33.206171,336.912507,-34.071805,343.303167,28.229600
-33.720296,339.967569,228.119724,-3.009085,-2.797259,-0.097404,-0.021242,0.012475,3.020151,-33.311852,336.903213,-34.162605,343.285999,28.329000
-33.818838,339.954540,228.118315,-3.011182,-2.800828,-0.096124,-0.020961,0.012551,3.031261,-33.417456,336.894173,-34.253547,343.269009,28.428400
-33.917408,339.941716,228.116898,-3.013252,-2.804372,-0.094853,-0.020682,0.012625,3.042627,-33.522985,336.885358,-34.344627,343.252210,28.527800
-34.016003,339.929095,228.115474,-3.015294,-2.807890,-0.093591,-0.020406,0.012698,3.054241,-33.628432,336.876743,-34.435843,343.235588,28.627200
-34.114624,339.916674,228.114043,-3.017309,-2.811383,-0.092339,-0.020131,0.012771,3.066098,-33.733810,336.868397,-34.527193,343.219143,28.726600
-34.213269,339.904450,228.112605,-3.019296,-2.814850,-0.091095,-0.019858,0.012842,3.078192,-33.839108,336.860261,-34.618679,343.202877,28.826000
-34.311939,339.892421,228.111160,-3.021257,-2.818292,-0.089861,-0.019588,0.012913,3.090332,-33.944360,336.852569,-34.710293,343.186788,28.925400
-34.410631,339.880584,228.109708,-3.023190,-2.821707,-0.088637,-0.019319,0.012982,3.102442,-34.049507,336.844885,-34.802041,343.170874,29.024800
-34.509347,339.868936,228.108250,-3.025097,-2.825097,-0.087421,-0.019053,0.013051,3.114525,-34.154557,336.837207,-34.893916,343.155134,29.124200
-34.608084,339.857476,228.106786,-3.026978,-2.828462,-0.086216,-0.018789,0.013119,3.126583,-34.259520,336.829621,-34.985916,343.139570,29.223600
-34.706842,339.846200,228.105315,-3.028833,-2.831801,-0.085020,-0.018527,0.013185,3.138617,-34.364468,336.822759,-35.078040,343.124177,29.323000
-34.805621,339.835106,228.103838,-3.030661,-2.835113,-0.083834,-0.018268,0.013251,3.150629,-34.469315,336.815904,-35.170291,343.108954,29.422400
-34.904420,339.824191,228.102355,-3.032464,-2.838401,-0.082658,-0.018010,0.013316,3.162622,-34.574070,336.809054,-35.262662,343.093900,29.521800
-35.003238,339.813453,228.100867,-3.034242,-2.841663,-0.081491,-0.017755,0.013380,3.174595,-34.678732,336.802211,-35.355151,343.079011,29.621200
-35.102075,339.802890,228.099373,-3.035994,-2.844899,-0.080335,-0.017502,0.013442,3.186551,-34.783370,336.796040,-35.447760,343.064290,29.720600
-35.200930,339.792499,228.097873,-3.037721,-2.848110,-0.079189,-0.017251,0.013504,3.198489,-34.887924,336.789953,-35.540486,343.049733,29.820000
-35.299803,339.782277,228.096368,-3.039424,-2.851295,-0.078053,-0.017002,0.013565,3.210411,-34.992389,336.783870,-35.633326,343.035342,29.919400
-35.398693,339.772222,228.094858,-3.041102,-2.854455,-0.076927,-0.016756,0.013625,3.222316,-35.096764,336.777792,-35.726280,343.021117,30.018800
-35.497600,339.762332,228.093343,-3.042755,-2.857588,-0.075811,-0.016512,0.013684,3.234206,-35.201096,336.772194,-35.819348,343.007047,30.118200
-35.596523,339.752604,228.091823,-3.044384,-2.860696,-0.074705,-0.016271,0.013742,3.246080,-35.305360,336.766811,-35.912527,342.993142,30.217600
-35.695461,339.743037,228.090298,-3.045990,-2.863780,-0.073610,-0.016031,0.013799,3.257938,-35.409540,336.761432,-36.005811,342.979390,30.317000
-35.794415,339.733627,228.088769,-3.047571,-2.866836,-0.072525,-0.015794,0.013855,3.269779,-35.513631,336.756058,-36.099208,342.965804,30.416400
-35.893383,339.724372,228.087235,-3.049130,-2.869869,-0.071451,-0.015559,0.013910,3.281604,-35.617671,336.750999,-36.192706,342.952369,30.515800
-35.992366,339.715270,228.085697,-3.050665,-2.872876,-0.070388,-0.015327,0.013963,3.293411,-35.721655,336.746262,-36.286310,342.939084,30.615200
-36.091362,339.706320,228.084154,-3.052177,-2.875857,-0.069335,-0.015097,0.014016,3.305200,-35.825554,336.741529,-36.380018,342.925956,30.714600
-36.190371,339.697517,228.082608,-3.053666,-2.878813,-0.068292,-0.014869,0.014068,3.316971,-35.929372,336.736799,-36.473827,342.912982,30.814000
-36.289394,339.688862,228.081057,-3.055133,-2.881744,-0.067260,-0.014644,0.014119,3.328721,-36.033127,336.732248,-36.567735,342.900158,30.913400
-36.388428,339.680350,228.079503,-3.056577,-2.884649,-0.066239,-0.014421,0.014170,3.340452,-36.136834,336.728103,-36.661743,342.887483,31.012800
-36.487475,339.671980,228.077945,-3.058000,-2.887530,-0.065229,-0.014200,0.014219,3.352160,-36.240467,336.723960,-36.755846,342.874955,31.112200
-36.586534,339.663750,228.076384,-3.059400,-2.890385,-0.064230,-0.013982,0.014267,3.363847,-36.344018,336.719822,-36.850047,342.862573,31.211600
-36.685604,339.655658,228.074819,-3.060779,-2.893215,-0.063241,-0.013766,0.014314,3.375510,-36.447500,336.715746,-36.944342,342.850343,31.311000
-36.784685,339.647701,228.073250,-3.062137,-2.896021,-0.062264,-0.013553,0.014360,3.387148,-36.550946,336.712139,-37.038727,342.838248,31.410400
-36.883777,339.639878,228.071679,-3.063474,-2.898803,-0.061297,-0.013342,0.014405,3.398761,-36.654317,336.708535,-37.133204,342.826300,31.509800
-36.982879,339.632186,228.070104,-3.064790,-2.901559,-0.060341,-0.013134,0.014449,3.410347,-36.757615,336.704933,-37.227771,342.814500,31.609200
-37.081990,339.624624,228.068526,-3.066085,-2.904290,-0.059397,-0.012927,0.014493,3.421906,-36.860839,336.701334,-37.322426,342.802835,31.708600
-37.181112,339.617189,228.066946,-3.067360,-2.906997,-0.058463,-0.012724,0.014535,3.433436,-36.964028,336.698185,-37.417169,342.791308,31.808000
-37.280243,339.609879,228.065362,-3.068614,-2.909679,-0.057540,-0.012523,0.014577,3.444938,-37.067146,336.695071,-37.512000,342.779922,31.907400
-37.379383,339.602693,228.063776,-3.069849,-2.912337,-0.056629,-0.012324,0.014617,3.456410,-37.170197,336.691959,-37.606912,342.768668,32.006800
-37.478531,339.595628,228.062188,-3.071065,-2.914971,-0.055728,-0.012127,0.014657,3.467852,-37.273182,336.688848,-37.701905,342.757555,32.106200
-37.577688,339.588683,228.060597,-3.072260,-2.917579,-0.054839,-0.011934,0.014695,3.479262,-37.376119,336.686067,-37.796985,342.746575,32.205600
-37.676853,339.581856,228.059004,-3.073437,-2.920165,-0.053961,-0.011742,0.014733,3.490641,-37.479000,336.683392,-37.892141,342.735730,32.305000
-37.776027,339.575144,228.057408,-3.074595,-2.922726,-0.053094,-0.011553,0.014770,3.501988,-37.581817,336.680720,-37.987377,342.725009,32.404400
-37.875207,339.568546,228.055810,-3.075734,-2.925263,-0.052238,-0.011367,0.014806,3.513302,-37.684567,336.678048,-38.082690,342.714423,32.503800
-37.974395,339.562060,228.054210,-3.076854,-2.927776,-0.051394,-0.011182,0.014840,3.524584,-37.787269,336.675608,-38.178083,342.703971,32.603200
-38.073591,339.555684,228.052609,-3.077957,-2.930266,-0.050560,-0.011001,0.014875,3.535833,-37.889923,336.673331,-38.273547,342.693644,32.702600
-38.172793,339.549417,228.051005,-3.079042,-2.932732,-0.049738,-0.010822,0.014908,3.547049,-37.992514,336.671054,-38.369084,342.683439,32.802000
-38.272002,339.543257,228.049400,-3.080108,-2.935173,-0.048928,-0.010645,0.014940,3.558232,-38.095043,336.668779,-38.464699,342.673365,32.901400
-38.371217,339.537201,228.047793,-3.081158,-2.937593,-0.048128,-0.010471,0.014971,3.569381,-38.197525,336.666654,-38.560379,342.663412,33.000800
-38.470439,339.531249,228.046184,-3.082190,-2.939988,-0.047339,-0.010299,0.015002,3.580497,-38.299960,336.664731,-38.656133,342.653585,33.100200
-38.569666,339.525398,228.044574,-3.083205,-2.942360,-0.046562,-0.010130,0.015032,3.591577,-38.402336,336.662808,-38.751954,342.643885,33.199600
-38.668900,339.519647,228.042963,-3.084204,-2.944710,-0.045796,-0.009963,0.015060,3.602621,-38.504659,336.660887,-38.847842,342.634294,33.299000
-38.768139,339.513995,228.041350,-3.085186,-2.947036,-0.045041,-0.009798,0.015088,3.613630,-38.606931,336.659067,-38.943797,342.624834,33.398400
-38.867383,339.508439,228.039736,-3.086152,-2.949339,-0.044298,-0.009636,0.015115,3.624602,-38.709164,336.657522,-39.039817,342.615489,33.497800
-38.966633,339.502979,228.038121,-3.087102,-2.951620,-0.043565,-0.009477,0.015142,3.635539,-38.811344,336.655978,-39.135900,342.606261,33.597200
-39.065888,339.497611,228.036505,-3.088036,-2.953878,-0.042844,-0.009320,0.015167,3.646439,-38.913471,336.654434,-39.232048,342.597151,33.696600
-39.165148,339.492336,228.034888,-3.088955,-2.956114,-0.042134,-0.009165,0.015192,3.657302,-39.015548,336.652891,-39.328255,342.588150,33.796000
-39.264413,339.487151,228.033270,-3.089858,-2.958326,-0.041435,-0.009013,0.015216,3.668128,-39.117573,336.651349,-39.424526,342.579273,33.895400
-39.363682,339.482055,228.031651,-3.090746,-2.960517,-0.040747,-0.008863,0.015239,3.678916,-39.219506,336.648987,-39.520855,342.570502,33.994800
-39.462956,339.477047,228.030031,-3.091620,-2.962686,-0.040071,-0.008716,0.015261,3.689664,-39.321294,336.644626,-39.617240,342.561848,34.094200
-39.562234,339.472124,228.028411,-3.092479,-2.964833,-0.039405,-0.008571,0.015282,3.700371,-39.423039,336.640267,-39.713684,342.553300,34.193600
-39.661516,339.467287,228.026790,-3.093324,-2.966958,-0.038750,-0.008428,0.015303,3.711036,-39.524743,336.635910,-39.810182,342.544869,34.293000
-39.760802,339.462532,228.025169,-3.094155,-2.969061,-0.038107,-0.008288,0.015323,3.721656,-39.626411,336.631652,-39.906735,342.536540,34.392400
-39.860092,339.457859,228.023547,-3.094972,-2.971143,-0.037474,-0.008150,0.015342,3.732229,-39.728050,336.627652,-40.003343,342.528323,34.491800
-39.959386,339.453266,228.021925,-3.095775,-2.973203,-0.036852,-0.008015,0.015360,3.742751,-39.829649,336.623655,-40.100005,342.520211,34.591200
-40.058683,339.448753,228.020303,-3.096565,-2.975242,-0.036242,-0.007882,0.015378,3.753219,-39.931209,336.619658,-40.196716,342.512204,34.690600
-40.157984,339.444318,228.018680,-3.097342,-2.977260,-0.035642,-0.007751,0.015395,3.763627,-40.032734,336.615700,-40.293479,342.504300,34.790000
-40.257289,339.439959,228.017057,-3.098106,-2.979257,-0.035052,-0.007623,0.015411,3.773970,-40.134235,336.612039,-40.390292,342.496502,34.889400
-40.356596,339.435675,228.015434,-3.098858,-2.981234,-0.034474,-0.007497,0.015427,3.784241,-40.235699,336.608378,-40.487150,342.488811,34.988800
-40.455907,339.431465,228.013811,-3.099597,-2.983190,-0.033906,-0.007374,0.015442,3.794431,-40.337126,336.604720,-40.584058,342.481209,35.088200
-40.555221,339.427328,228.012188,-3.100324,-2.985125,-0.033349,-0.007252,0.015456,3.804530,-40.438519,336.601062,-40.681013,342.473723,35.187600
-40.654538,339.423263,228.010565,-3.101039,-2.987039,-0.032803,-0.007134,0.015469,3.814526,-40.539888,336.597698,-40.778013,342.466324,35.287000
-40.753857,339.419268,228.008943,-3.101742,-2.988933,-0.032267,-0.007017,0.015482,3.824406,-40.641223,336.594349,-40.875058,342.459029,35.386400
-40.853180,339.415342,228.007320,-3.102434,-2.990808,-0.031741,-0.006903,0.015494,3.834154,-40.742526,336.591002,-40.972146,342.451832,35.485800
-40.952505,339.411485,228.005698,-3.103114,-2.992662,-0.031226,-0.006790,0.015505,3.843751,-40.843794,336.587656,-41.069278,342.444732,35.585200
-41.051833,339.407694,228.004076,-3.103784,-2.994497,-0.030721,-0.006681,0.015516,3.853094,-40.945042,336.584538,-41.166449,342.437723,35.684600
-41.151163,339.403970,228.002455,-3.104442,-2.996311,-0.030226,-0.006573,0.015526,3.862040,-41.046257,336.581480,-41.263664,342.430813,35.784000
-41.250495,339.400310,228.000834,-3.105090,-2.998107,-0.029742,-0.006468,0.015536,3.870451,-41.147443,336.578423,-41.360917,342.423996,35.883400
-41.349830,339.396714,227.999213,-3.105728,-2.999884,-0.029268,-0.006364,0.015545,3.878210,-41.248600,336.575367,-41.458208,342.417272,35.982800
-41.449167,339.393181,227.997594,-3.106356,-3.001641,-0.028803,-0.006263,0.015553,3.885230,-41.349734,336.572481,-41.555536,342.410639,36.082200
-41.548507,339.389710,227.995974,-3.106973,-3.003379,-0.028349,-0.006164,0.015561,3.891465,-41.450840,336.569688,-41.652906,342.404098,36.181600
-41.647848,339.386300,227.994356,-3.107581,-3.005098,-0.027905,-0.006068,0.015568,3.896913,-41.551918,336.566896,-41.750309,342.397650,36.281000
-41.747192,339.382950,227.992738,-3.108180,-3.006799,-0.027470,-0.005973,0.015574,3.901611,-41.652972,336.564105,-41.847746,342.391288,36.380400
-41.846537,339.379659,227.991121,-3.108769,-3.008482,-0.027045,-0.005881,0.015580,3.905628,-41.753999,336.561436,-41.945219,342.385012,36.479800
-41.945885,339.376425,227.989505,-3.109349,-3.010146,-0.026630,-0.005790,0.015586,3.909051,-41.855006,336.558890,-42.042727,342.378826,36.579200
-42.045234,339.373249,227.987889,-3.109920,-3.011791,-0.026224,-0.005702,0.015591,3.911973,-41.955985,336.556345,-42.140267,342.372730,36.678600
-42.144585,339.370130,227.986275,-3.110483,-3.013420,-0.025827,-0.005616,0.015595,3.914485,-42.056942,336.553801,-42.237838,342.366716,36.778000
-42.243938,339.367065,227.984662,-3.111037,-3.015030,-0.025440,-0.005532,0.015599,3.916666,-42.157875,336.551337,-42.335442,342.360788,36.877400
-42.343292,339.364056,227.983049,-3.111582,-3.016621,-0.025062,-0.005449,0.015602,3.918588,-42.258786,336.549021,-42.433077,342.354940,36.976800
-42.442648,339.361100,227.981438,-3.112120,-3.018196,-0.024693,-0.005369,0.015605,3.920305,-42.359676,336.546705,-42.530740,342.349182,37.076200
-42.542006,339.358197,227.979828,-3.112650,-3.019754,-0.024333,-0.005291,0.015607,3.921864,-42.460544,336.544389,-42.628433,342.343505,37.175600
-42.641365,339.355347,227.978219,-3.113172,-3.021294,-0.023982,-0.005215,0.015609,3.923298,-42.561390,336.542120,-42.726154,342.337903,37.275000
-42.740725,339.352548,227.976611,-3.113687,-3.022818,-0.023640,-0.005140,0.015610,3.924634,-42.662219,336.540014,-42.823901,342.332390,37.374400
-42.840087,339.349799,227.975004,-3.114194,-3.024324,-0.023306,-0.005068,0.015611,3.925891,-42.763026,336.537908,-42.921677,342.326954,37.473800
-42.939450,339.347101,227.973399,-3.114694,-3.025814,-0.022981,-0.004997,0.015612,3.927083,-42.863812,336.535803,-43.019479,342.321599,37.573200
-43.038815,339.344452,227.971795,-3.115187,-3.027287,-0.022665,-0.004928,0.015612,3.928221,-42.964578,336.533714,-43.117307,342.316321,37.672600
-43.138181,339.341852,227.970193,-3.115674,-3.028745,-0.022356,-0.004861,0.015611,3.929313,-43.065332,336.531803,-43.215158,342.311124,37.772000
-43.237548,339.339300,227.968592,-3.116154,-3.030186,-0.022056,-0.004796,0.015610,3.930365,-43.166065,336.529892,-43.313033,342.306001,37.871400
-43.336917,339.336795,227.966992,-3.116627,-3.031610,-0.021764,-0.004732,0.015609,3.931381,-43.266779,336.527982,-43.410935,342.300957,37.970800
-43.436286,339.334337,227.965394,-3.117094,-3.033019,-0.021480,-0.004670,0.015607,3.932365,-43.367474,336.526071,-43.508857,342.295981,38.070200
-43.535657,339.331925,227.963797,-3.117556,-3.034413,-0.021203,-0.004610,0.015605,3.933319,-43.468159,336.524337,-43.606799,342.291089,38.169600
-43.635029,339.329559,227.962202,-3.118011,-3.035791,-0.020934,-0.004552,0.015603,3.934245,-43.568824,336.522610,-43.704766,342.286266,38.269000
-43.734402,339.327238,227.960609,-3.118461,-3.037154,-0.020673,-0.004495,0.015600,3.935146,-43.669475,336.520883,-43.802752,342.281518,38.368400
-43.833775,339.324961,227.959017,-3.118905,-3.038501,-0.020419,-0.004440,0.015597,3.936023,-43.770107,336.519157,-43.900758,342.276844,38.467800
-43.933150,339.322727,227.957427,-3.119343,-3.039833,-0.020172,-0.004386,0.015593,3.936876,-43.870726,336.517572,-43.998786,342.272235,38.567200
-44.032526,339.320538,227.955838,-3.119777,-3.041152,-0.019933,-0.004334,0.015589,3.937708,-43.971334,336.516016,-44.096830,342.267701,38.666600
-44.131903,339.318391,227.954252,-3.120205,-3.042454,-0.019700,-0.004283,0.015585,3.938520,-44.071924,336.514459,-44.194896,342.263243,38.766000
-44.231281,339.316286,227.952667,-3.120628,-3.043743,-0.019474,-0.004234,0.015580,3.939312,-44.172500,336.512903,-44.292980,342.258847,38.865400
-44.330659,339.314223,227.951083,-3.121047,-3.045018,-0.019255,-0.004186,0.015575,3.940085,-44.273066,336.511460,-44.391078,342.254522,38.964800
-44.430039,339.312201,227.949502,-3.121460,-3.046277,-0.019042,-0.004140,0.015570,3.940840,-44.373617,336.510063,-44.489198,342.250269,39.064200
-44.529419,339.310221,227.947923,-3.121870,-3.047524,-0.018835,-0.004095,0.015565,3.941578,-44.474158,336.508665,-44.587330,342.246084,39.163600
-44.628800,339.308281,227.946345,-3.122275,-3.048756,-0.018635,-0.004052,0.015559,3.942299,-44.574684,336.507267,-44.685479,342.241958,39.263000
-44.728182,339.306380,227.944769,-3.122675,-3.049974,-0.018440,-0.004009,0.015553,3.943005,-44.675198,336.505961,-44.783646,342.237908,39.362400
-44.827564,339.304520,227.943195,-3.123072,-3.051180,-0.018252,-0.003968,0.015547,3.943695,-44.775704,336.504714,-44.881825,342.233914,39.461800
-44.926948,339.302699,227.941623,-3.123464,-3.052371,-0.018069,-0.003928,0.015540,3.944371,-44.876196,336.503467,-44.980022,342.229990,39.561200
-45.026332,339.300916,227.940054,-3.123853,-3.053550,-0.017892,-0.003890,0.015533,3.945033,-44.976679,336.502221,-45.078230,342.226130,39.660600
-45.125716,339.299172,227.938486,-3.124237,-3.054715,-0.017720,-0.003853,0.015526,3.945681,-45.077148,336.501046,-45.176455,342.222335,39.760000
-45.225102,339.297466,227.936920,-3.124619,-3.055868,-0.017553,-0.003816,0.015519,3.946316,-45.177613,336.499943,-45.274689,342.218600,39.859400
-45.324487,339.295798,227.935356,-3.124996,-3.057008,-0.017391,-0.003781,0.015511,3.946938,-45.278063,336.498840,-45.372939,342.214933,39.958800
-45.423874,339.294167,227.933794,-3.125370,-3.058135,-0.017234,-0.003747,0.015504,3.947548,-45.378505,336.497737,-45.471202,342.211319,40.058200
-45.523261,339.292573,227.932234,-3.125741,-3.059250,-0.017082,-0.003714,0.015496,3.948146,-45.478938,336.496686,-45.569476,342.207769,40.157600
-45.622649,339.291015,227.930677,-3.126109,-3.060353,-0.016934,-0.003682,0.015488,3.948733,-45.579364,336.495716,-45.667761,342.204282,40.257000
-45.722037,339.289494,227.929121,-3.126473,-3.061444,-0.016791,-0.003651,0.015479,3.949309,-45.679778,336.494745,-45.766059,342.200854,40.356400
-45.821426,339.288010,227.927567,-3.126834,-3.062522,-0.016651,-0.003620,0.015471,3.949874,-45.780184,336.493775,-45.864369,342.197487,40.455800
-45.920816,339.286560,227.926016,-3.127193,-3.063590,-0.016516,-0.003591,0.015462,3.950429,-45.880585,336.492843,-45.962688,342.194173,40.555200
-46.020206,339.285147,227.924467,-3.127548,-3.064644,-0.016385,-0.003562,0.015453,3.950974,-45.980975,336.492003,-46.061019,342.190919,40.654600
-46.119596,339.283768,227.922920,-3.127901,-3.065689,-0.016257,-0.003534,0.015444,3.951509,-46.081358,336.491163,-46.159358,342.187726,40.754000
-46.218987,339.282425,227.921375,-3.128251,-3.066721,-0.016132,-0.003507,0.015435,3.952035,-46.181734,336.490323,-46.257709,342.184585,40.853400
-46.318378,339.281116,227.919832,-3.128598,-3.067742,-0.016011,-0.003481,0.015426,3.952551,-46.282100,336.489509,-46.356070,342.181503,40.952800
-46.417770,339.279842,227.918291,-3.128943,-3.068752,-0.015893,-0.003455,0.015416,3.953059,-46.382462,336.488792,-46.454439,342.178469,41.052200
-46.517162,339.278601,227.916753,-3.129285,-3.069752,-0.015777,-0.003430,0.015407,3.953558,-46.482815,336.488074,-46.552818,342.175494,41.151600
-46.616555,339.277395,227.915217,-3.129625,-3.070740,-0.015665,-0.003406,0.015397,3.954048,-46.583163,336.487357,-46.651205,342.172573,41.251000
-46.715948,339.276222,227.913683,-3.129962,-3.071718,-0.015554,-0.003382,0.015387,3.954531,-46.683502,336.486661,-46.749603,342.169709,41.350400
-46.815341,339.275083,227.912151,-3.130297,-3.072685,-0.015447,-0.003358,0.015378,3.955005,-46.783837,336.486120,-46.848007,342.166894,41.449800
-46.914735,339.273976,227.910621,-3.130630,-3.073642,-0.015341,-0.003335,0.015368,3.955472,-46.884166,336.485580,-46.946420,342.164129,41.549200
-47.014129,339.272903,227.909094,-3.130960,-3.074589,-0.015237,-0.003313,0.015358,3.955931,-46.984485,336.485040,-47.044843,342.161421,41.648600
-47.113524,339.271863,227.907568,-3.131288,-3.075525,-0.015135,-0.003290,0.015348,3.956383,-47.084800,336.484499,-47.143274,342.158760,41.748000
-47.212919,339.270855,227.906045,-3.131614,-3.076452,-0.015034,-0.003269,0.015337,3.956828,-47.185109,336.483959,-47.241711,342.156146,41.847400
-47.312314,339.269879,227.904524,-3.131938,-3.077369,-0.014935,-0.003247,0.015327,3.957266,-47.285411,336.483419,-47.340156,342.153588,41.946800
-47.411709,339.268935,227.903005,-3.132260,-3.078276,-0.014837,-0.003226,0.015317,3.957697,-47.385707,336.482878,-47.438608,342.151072,42.046200
-47.511105,339.268024,227.901489,-3.132579,-3.079173,-0.014740,-0.003205,0.015306,3.958121,-47.485995,336.482338,-47.537070,342.148609,42.145600
-47.610501,339.267144,227.899974,-3.132897,-3.080061,-0.014644,-0.003184,0.015296,3.958539,-47.586282,336.482011,-47.635537,342.146194,42.245000
-47.709898,339.266295,227.898462,-3.133212,-3.080940,-0.014548,-0.003163,0.015286,3.958951,-47.686561,336.481693,-47.734014,342.143817,42.344400
-47.809294,339.265477,227.896952,-3.133526,-3.081810,-0.014453,-0.003142,0.015275,3.959356,-47.786835,336.481376,-47.832494,342.141496,42.443800
-47.908691,339.264691,227.895444,-3.133837,-3.082670,-0.014358,-0.003122,0.015265,3.959756,-47.887102,336.481059,-47.930985,342.139219,42.543200
-48.008088,339.263936,227.893938,-3.134146,-3.083521,-0.014263,-0.003101,0.015254,3.960149,-47.987362,336.480741,-48.029483,342.136982,42.642600
-48.107486,339.263211,227.892434,-3.134454,-3.084364,-0.014168,-0.003080,0.015244,3.960537,-48.087620,336.480424,-48.127986,342.134795,42.742000
-48.206883,339.262516,227.890932,-3.134759,-3.085197,-0.014072,-0.003059,0.015233,3.960920,-48.187869,336.480107,-48.226497,342.132651,42.841400
-48.306281,339.261852,227.889433,-3.135062,-3.086022,-0.013976,-0.003038,0.015223,3.961297,-48.288112,336.479789,-48.325016,342.130540,42.940800
-48.405679,339.261218,227.887935,-3.135363,-3.086838,-0.013879,-0.003017,0.015212,3.961668,-48.388351,336.479643,-48.423541,342.128482,43.040200
-48.505077,339.260613,227.886440,-3.135662,-3.087646,-0.013781,-0.002996,0.015202,3.962035,-48.488583,336.479538,-48.522074,342.126463,43.139600
-48.604475,339.260039,227.884946,-3.135958,-3.088445,-0.013682,-0.002975,0.015191,3.962396,-48.588807,336.479432,-48.620615,342.124486,43.239000
-48.703874,339.259493,227.883455,-3.136253,-3.089236,-0.013582,-0.002953,0.015181,3.962752,-48.689029,336.479327,-48.719162,342.122545,43.338400
-48.803272,339.258977,227.881965,-3.136545,-3.090019,-0.013480,-0.002931,0.015170,3.963104,-48.789241,336.479221,-48.817717,342.120645,43.437800
-48.902671,339.258490,227.880477,-3.136836,-3.090795,-0.013377,-0.002908,0.015160,3.963450,-48.889450,336.479116,-48.916277,342.118786,43.537200
-49.002070,339.258031,227.878992,-3.137123,-3.091561,-0.013272,-0.002885,0.015149,3.963792,-48.989649,336.479010,-49.014849,342.116964,43.636600
-49.101469,339.257601,227.877508,-3.137409,-3.092320,-0.013164,-0.002862,0.015139,3.964130,-49.089844,336.478905,-49.113424,342.115179,43.736000
-49.200868,339.257200,227.876026,-3.137692,-3.093071,-0.013055,-0.002838,0.015129,3.964462,-49.190031,336.478934,-49.212009,342.113430,43.835400
-49.300267,339.256826,227.874546,-3.137973,-3.093814,-0.012942,-0.002814,0.015119,3.964791,-49.290212,336.479027,-49.310601,342.111717,43.934800
-49.399667,339.256480,227.873068,-3.138252,-3.094551,-0.012828,-0.002789,0.015108,3.965115,-49.390389,336.479120,-49.409200,342.110039,44.034200
-49.499066,339.256162,227.871592,-3.138528,-3.095279,-0.012710,-0.002763,0.015098,3.965435,-49.490556,336.479214,-49.507807,342.108397,44.133600
-49.598466,339.255871,227.870117,-3.138801,-3.095999,-0.012590,-0.002737,0.015088,3.965751,-49.590715,336.479307,-49.606425,342.106786,44.233000
-49.697865,339.255607,227.868644,-3.139072,-3.096713,-0.012466,-0.002710,0.015078,3.966062,-49.690867,336.479400,-49.705048,342.105208,44.332400
-49.797265,339.255369,227.867173,-3.139340,-3.097419,-0.012340,-0.002683,0.015068,3.966370,-49.791012,336.479494,-49.803681,342.103666,44.431800
-49.896665,339.255159,227.865703,-3.139605,-3.098117,-0.012209,-0.002654,0.015058,3.966674,-49.891148,336.479587,-49.902324,342.102153,44.531200
-49.996065,339.254974,227.864235,-3.139867,-3.098808,-0.012075,-0.002625,0.015048,3.966974,-49.991276,336.479785,-50.000976,342.100673,44.630600
-50.095464,339.254816,227.862769,-3.140127,-3.099493,-0.011938,-0.002595,0.015038,3.967270,-50.091397,336.480067,-50.099633,342.099222,44.730000
-50.194864,339.254683,227.861304,-3.140383,-3.100169,-0.011796,-0.002564,0.015029,3.967563,-50.191508,336.480350,-50.198303,342.097804,44.829400
-50.294264,339.254575,227.859841,-3.140637,-3.100840,-0.011650,-0.002533,0.015019,3.967852,-50.291613,336.480632,-50.296980,342.096413,44.928800
-50.393664,339.254492,227.858379,-3.140887,-3.101503,-0.011500,-0.002500,0.015009,3.968137,-50.391707,336.480914,-50.395668,342.095044,45.028200
-50.493064,339.254435,227.856919,-3.141134,-3.102159,-0.011345,-0.002467,0.015000,3.968419,-50.491792,336.481197,-50.494366,342.093710,45.127600
-50.592464,339.254401,227.855460,-3.141377,-3.102808,-0.011186,-0.002432,0.014990,3.968698,-50.591866,336.481479,-50.593076,342.092395,45.227000
-50.691864,339.254392,227.854002,3.141568,3.179735,-0.011022,-0.002396,0.014981,3.968973,-50.691932,336.481761,-50.691794,342.091111,45.326400
-50.791264,339.254406,227.852546,3.141332,3.179100,-0.010854,-0.002360,0.014972,3.969245,-50.791987,336.482119,-50.790525,342.089852,45.425800
-50.890664,339.254443,227.851091,3.141099,3.178470,-0.010680,-0.002322,0.014962,3.969513,-50.892032,336.482573,-50.889265,342.088615,45.525200
-50.990064,339.254504,227.849637,3.140870,3.177848,-0.010501,-0.002283,0.014953,3.969779,-50.992067,336.483028,-50.988017,342.087399,45.624600
-51.089464,339.254587,227.848184,3.140645,3.177233,-0.010317,-0.002243,0.014944,3.970041,-51.092090,336.483482,-51.086781,342.086210,45.724000
-51.188864,339.254692,227.846732,3.140424,3.176624,-0.010127,-0.002202,0.014935,3.970300,-51.192102,336.483936,-51.185556,342.085040,45.823400
-51.288264,339.254819,227.845282,3.140208,3.176022,-0.009932,-0.002159,0.014926,3.970557,-51.292100,336.484390,-51.284347,342.083890,45.922800
-51.387664,339.254967,227.843832,3.139995,3.175426,-0.009731,-0.002116,0.014917,3.970810,-51.392090,336.484844,-51.383146,342.082765,46.022200
-51.487063,339.255136,227.842383,3.139787,3.174837,-0.009525,-0.002071,0.014908,3.971060,-51.492064,336.485298,-51.481959,342.081653,46.121600
-51.586463,339.255326,227.840936,3.139584,3.174255,-0.009312,-0.002024,0.014900,3.971308,-51.592026,336.485803,-51.580788,342.080560,46.221000
-51.685863,339.255536,227.839489,3.139385,3.173679,-0.009093,-0.001977,0.014891,3.971552,-51.691976,336.486409,-51.679628,342.079872,46.320400
-51.785263,339.255765,227.838043,3.139191,3.173110,-0.008869,-0.001928,0.014882,3.971794,-51.791913,336.487015,-51.778482,342.079276,46.419800
-51.884662,339.256013,227.836598,3.139001,3.172546,-0.008638,-0.001878,0.014874,3.972033,-51.891837,336.487621,-51.877347,342.078698,46.519200
-51.984062,339.256280,227.835153,3.138817,3.171989,-0.008401,-0.001826,0.014865,3.972270,-51.991745,336.488227,-51.976229,342.078133,46.618600
-52.083461,339.256565,227.833709,3.138638,3.171439,-0.008157,-0.001773,0.014857,3.972504,-52.091639,336.488833,-52.075126,342.077579,46.718000
-52.182861,339.256867,227.832266,3.138465,3.170896,-0.007907,-0.001719,0.014849,3.972735,-52.191517,336.489439,-52.174040,342.077036,46.817400
-52.282260,339.257186,227.830823,3.138297,3.170359,-0.007650,-0.001663,0.014840,3.972963,-52.291380,336.490044,-52.272968,342.076503,46.916800
-52.381660,339.257522,227.829381,3.138134,3.169828,-0.007387,-0.001606,0.014832,3.973190,-52.391230,336.490680,-52.371912,342.075981,47.016200
-52.481059,339.257874,227.827939,3.137978,3.169304,-0.007117,-0.001547,0.014824,3.973263,-52.491059,336.491412,-52.470874,342.075465,47.115600
-52.580458,339.258240,227.826498,3.137827,3.168786,-0.006840,-0.001487,0.014816,3.973262,-52.590874,336.492145,-52.569851,342.074957,47.215000
-52.679858,339.258622,227.825057,3.137682,3.168274,-0.006556,-0.001425,0.014808,3.973259,-52.690674,336.492878,-52.668846,342.074454,47.314400
-52.779257,339.259018,227.823616,3.137544,3.167770,-0.006265,-0.001362,0.014799,3.973256,-52.790453,336.493610,-52.767860,342.073958,47.413800
-52.878656,339.259427,227.822176,3.137411,3.167271,-0.005968,-0.001297,0.014791,3.973250,-52.890219,336.494343,-52.866889,342.073461,47.513200
-52.978055,339.259849,227.820735,3.137286,3.166779,-0.005664,-0.001231,0.014783,3.973244,-52.989962,336.495075,-52.965940,342.072964,47.612600
-53.077454,339.260283,227.819295,3.137167,3.166294,-0.005352,-0.001164,0.014775,3.973236,-53.089689,336.495807,-53.065008,342.072467,47.712000
-53.176853,339.260728,227.817855,3.137054,3.165814,-0.005034,-0.001094,0.014767,3.973226,-53.189399,336.496551,-53.164094,342.071970,47.811400
-53.276252,339.261185,227.816415,3.136949,3.165342,-0.004708,-0.001024,0.014760,3.973216,-53.289086,336.497377,-53.263202,342.071473,47.910800
-53.375651,339.261651,227.814975,3.136851,3.164876,-0.004376,-0.000951,0.014752,3.973203,-53.388754,336.498202,-53.362330,342.070975,48.010200
-53.475050,339.262127,227.813535,3.136760,3.164416,-0.004036,-0.000877,0.014744,3.973190,-53.488403,336.499027,-53.461478,342.070478,48.109600
-53.574449,339.262612,227.812094,3.136677,3.163964,-0.003690,-0.000802,0.014736,3.973175,-53.588030,336.499852,-53.560649,342.069980,48.209000
-53.673847,339.263104,227.810654,3.136601,3.163518,-0.003336,-0.000725,0.014728,3.973158,-53.687636,336.500677,-53.659838,342.069483,48.308400
-53.773246,339.263604,227.809213,3.136532,3.163077,-0.002975,-0.000647,0.014720,3.973140,-53.787224,336.501502,-53.759049,342.068967,48.407800
-53.872645,339.264110,227.807772,3.136472,3.162645,-0.002608,-0.000567,0.014712,3.973121,-53.886787,336.502327,-53.858285,342.068408,48.507200
-53.972043,339.264622,227.806330,3.136420,3.162219,-0.002233,-0.000485,0.014704,3.973100,-53.986327,336.503153,-53.957543,342.067849,48.606600
-54.071442,339.265138,227.804888,3.136376,3.161800,-0.001852,-0.000403,0.014696,3.973078,-54.085846,336.504031,-54.056824,342.067290,48.706000
-54.170841,339.265658,227.803446,3.136340,3.161387,-0.001463,-0.000318,0.014688,3.973054,-54.185342,336.504909,-54.156128,342.066730,48.805400
-54.270239,339.266182,227.802003,3.136312,3.160981,-0.001068,-0.000232,0.014680,3.973029,-54.284816,336.505787,-54.255453,342.066171,48.904800
-54.369638,339.266708,227.800560,3.136294,3.160582,-0.000667,-0.000145,0.014672,3.973003,-54.384263,336.506664,-54.354807,342.065611,49.004200
-54.469036,339.267235,227.799116,3.136284,3.160190,-0.000258,-0.000056,0.014663,3.972975,-54.483686,336.507542,-54.454183,342.065051,49.103600
-54.568435,339.267763,227.797672,3.136283,3.159805,0.000157,0.000034,0.014655,3.972946,-54.583086,336.508419,-54.553585,342.064461,49.203000
-54.667833,339.268290,227.796227,3.136291,3.159427,0.000578,0.000126,0.014647,3.972915,-54.682460,336.509296,-54.653012,342.063769,49.302400
-54.767232,339.268817,227.794781,3.136308,3.159056,0.001006,0.000219,0.014639,3.972883,-54.781811,336.510173,-54.752465,342.063076,49.401800
-54.866631,339.269341,227.793335,3.136334,3.158692,0.001440,0.000313,0.014630,3.972849,-54.881136,336.511049,-54.851943,342.062384,49.501200
-54.966029,339.269862,227.791888,3.136370,3.158335,0.001880,0.000409,0.014621,3.972814,-54.980433,336.511925,-54.951448,342.061691,49.600600
-55.065428,339.270379,227.790440,3.136415,3.157985,0.002326,0.000506,0.014613,3.972777,-55.079706,336.512801,-55.050979,342.060998,49.700000
-55.164826,339.270891,227.788991,3.136470,3.157642,0.002778,0.000604,0.014604,3.972739,-55.178950,336.513677,-55.150537,342.060305,49.799400
-55.264225,339.271397,227.787541,3.136535,3.157307,0.003235,0.000703,0.014595,3.972699,-55.278168,336.514553,-55.250123,342.059612,49.898800
-55.363624,339.271896,227.786091,3.136610,3.156979,0.003698,0.000804,0.014586,3.972658,-55.377359,336.515423,-55.349737,342.058884,49.998200
-55.463023,339.272387,227.784639,3.136695,3.156659,0.004167,0.000906,0.014577,3.972616,-55.476522,336.516290,-55.449380,342.057993,50.097600
-55.562421,339.272869,227.783187,3.136790,3.156346,0.004640,0.001009,0.014568,3.972572,-55.575656,336.517150,-55.549049,342.057102,50.197000
-55.661820,339.273341,227.781733,3.136896,3.156041,0.005118,0.001113,0.014558,3.972526,-55.674761,336.518007,-55.648750,342.056210,50.296400
-55.761219,339.273802,227.780279,3.137012,3.155743,0.005601,0.001218,0.014549,3.972479,-55.773839,336.518853,-55.748478,342.055319,50.395800
-55.860618,339.274252,227.778824,3.137138,3.155452,0.006089,0.001324,0.014539,3.972431,-55.872889,336.519691,-55.848233,342.054427,50.495200
-55.960017,339.274688,227.777367,3.137275,3.155170,0.006581,0.001431,0.014529,3.972381,-55.971909,336.520517,-55.948019,342.053534,50.594600
-56.059416,339.275110,227.775910,3.137422,3.154894,0.007076,0.001538,0.014519,3.972329,-56.070901,336.521333,-56.047832,342.052642,50.694000
-56.158815,339.275516,227.774451,3.137581,3.154627,0.007576,0.001647,0.014509,3.972276,-56.169861,336.522136,-56.147678,342.051724,50.793400
-56.258215,339.275907,227.772992,3.137750,3.154368,0.008079,0.001756,0.014498,3.972221,-56.268794,336.522928,-56.247553,342.050643,50.892800
-56.357614,339.276280,227.771531,3.137930,3.154116,0.008585,0.001866,0.014487,3.972165,-56.367696,336.523706,-56.347456,342.049562,50.992200
-56.457013,339.276635,227.770070,3.138121,3.153872,0.009095,0.001977,0.014476,3.972107,-56.466568,336.524471,-56.447390,342.048480,51.091600
-56.556413,339.276970,227.768607,3.138323,3.153637,0.009606,0.002088,0.014465,3.972048,-56.565410,336.525219,-56.547355,342.047382,51.191000
-56.655812,339.277284,227.767143,3.138536,3.153409,0.010121,0.002200,0.014454,3.971987,-56.664222,336.525950,-56.647348,342.046162,51.290400
-56.755212,339.277577,227.765679,3.138760,3.153189,0.010637,0.002312,0.014442,3.971925,-56.763004,336.526660,-56.747373,342.044943,51.389800
-56.854611,339.277847,227.764213,3.138996,3.152978,0.011155,0.002425,0.014431,3.971861,-56.861753,336.527352,-56.847429,342.043723,51.489200
-56.954011,339.278093,227.762746,3.139242,3.152774,0.011674,0.002538,0.014418,3.971795,-56.960475,336.528024,-56.947513,342.042486,51.588600
-57.053411,339.278314,227.761279,3.139500,3.152579,0.012194,0.002651,0.014406,3.971728,-57.059165,336.528676,-57.047629,342.041110,51.688000
-57.152810,339.278508,227.759810,3.139769,3.152393,0.012714,0.002764,0.014394,3.971659,-57.157824,336.529307,-57.147774,342.039733,51.787400
-57.252210,339.278676,227.758340,3.140050,3.152215,0.013235,0.002877,0.014381,3.971589,-57.256450,336.529912,-57.247953,342.038356,51.886800
-57.351610,339.278815,227.756869,3.140341,3.152044,0.013756,0.002991,0.014368,3.971517,-57.355050,336.530494,-57.348158,342.036963,51.986200
-57.451010,339.278924,227.755398,3.140644,3.151883,0.014276,0.003104,0.014354,3.971443,-57.453617,336.531052,-57.448395,342.035427,52.085600
-57.550410,339.279003,227.753925,3.140958,3.151730,0.014795,0.003217,0.014340,3.971368,-57.552154,336.531580,-57.548662,342.033892,52.185000
-57.649810,339.279050,227.752452,3.141284,3.151586,0.015313,0.003329,0.014326,3.971291,-57.650658,336.532081,-57.648960,342.032356,52.284400
-57.749210,339.279064,227.750978,-3.141565,-3.131735,0.015828,0.003441,0.014312,3.971212,-57.749134,336.532556,-57.749286,342.030802,52.383800
-57.848610,339.279044,227.749503,-3.141217,-3.131862,0.016342,0.003553,0.014297,3.971132,-57.847578,336.532998,-57.849643,342.029101,52.483200
-57.948010,339.278989,227.748028,-3.140859,-3.131982,0.016852,0.003664,0.014282,3.971050,-57.945996,336.533407,-57.950026,342.027400,52.582600
-58.047410,339.278898,227.746552,-3.140489,-3.132092,0.017359,0.003774,0.014267,3.970966,-58.044380,336.533788,-58.050442,342.025698,52.682000
-58.146810,339.278769,227.745075,-3.140108,-3.132193,0.017863,0.003884,0.014251,3.970881,-58.142735,336.534134,-58.150886,342.023977,52.781400
-58.246209,339.278602,227.743598,-3.139717,-3.132286,0.018362,0.003992,0.014235,3.970793,-58.241062,336.534446,-58.251355,342.022112,52.880800
-58.345609,339.278396,227.742120,-3.139315,-3.132370,0.018857,0.004100,0.014219,3.970705,-58.339357,336.533330,-58.351854,342.020246,52.980200
-58.445009,339.278149,227.740642,-3.138902,-3.132445,0.019346,0.004206,0.014202,3.970614,-58.437619,336.531570,-58.452382,342.018379,53.079600
-58.544408,339.277861,227.739163,-3.138479,-3.132511,0.019830,0.004311,0.014185,3.970521,-58.535851,336.529780,-58.552937,342.017043,53.179000
-58.643808,339.277530,227.737684,-3.138045,-3.132568,0.020307,0.004415,0.014168,3.970427,-58.634053,336.527963,-58.653524,342.016152,53.278400
-58.743207,339.277155,227.736205,-3.137601,-3.132617,0.020777,0.004517,0.014150,3.970331,-58.732226,336.526118,-58.754137,342.015259,53.377800
-58.842606,339.276736,227.734726,-3.137147,-3.132657,0.021240,0.004618,0.014132,3.970233,-58.830369,336.524240,-58.854777,342.014367,53.477200
-58.942005,339.276271,227.733247,-3.136683,-3.132688,0.021695,0.004717,0.014113,3.970134,-58.928484,336.522330,-58.955444,342.013474,53.576600
-59.041404,339.275760,227.731767,-3.136209,-3.132710,0.022142,0.004814,0.014094,3.970032,-59.026570,336.520388,-59.056138,342.012581,53.676000
-59.140802,339.275201,227.730288,-3.135726,-3.132723,0.022580,0.004910,0.014075,3.969929,-59.124629,336.518420,-59.156856,342.011688,53.775400
-59.240200,339.274593,227.728810,-3.135233,-3.132727,0.023008,0.005003,0.014055,3.969824,-59.222659,336.516415,-59.257602,342.010795,53.874800
-59.339598,339.273936,227.727331,-3.134731,-3.132723,0.023427,0.005094,0.014035,3.969717,-59.320663,336.514386,-59.358372,342.009901,53.974200
-59.438995,339.273229,227.725853,-3.134221,-3.132711,0.023834,0.005182,0.014015,3.969608,-59.418642,336.512319,-59.459163,342.009008,54.073600
-59.538392,339.272470,227.724375,-3.133701,-3.132688,0.024231,0.005269,0.013994,3.969497,-59.516593,336.510226,-59.559981,342.008114,54.173000
-59.637789,339.271660,227.722898,-3.133173,-3.132657,0.024615,0.005352,0.013972,3.969384,-59.614520,336.508101,-59.660822,342.007219,54.272400
-59.737185,339.270796,227.721422,-3.132637,-3.132618,0.024988,0.005433,0.013951,3.969269,-59.712423,336.505943,-59.761684,342.006325,54.371800
-59.836581,339.269879,227.719947,-3.132093,-3.132570,0.025348,0.005512,0.013929,3.969152,-59.810303,336.503759,-59.862569,342.005430,54.471200
-59.935976,339.268908,227.718472,-3.131542,-3.132513,0.025694,0.005587,0.013906,3.969034,-59.908161,336.501547,-59.963472,342.004536,54.570600
-60.035371,339.267881,227.716999,-3.130983,-3.132448,0.026027,0.005659,0.013883,3.968913,-60.005996,336.499294,-60.064398,342.003641,54.670000
-60.134765,339.266798,227.715527,-3.130417,-3.132374,0.026345,0.005729,0.013860,3.968790,-60.103810,336.497025,-60.165342,342.002746,54.769400
-60.234158,339.265659,227.714056,-3.129844,-3.132291,0.026649,0.005795,0.013836,3.968665,-60.201602,336.494714,-60.266306,342.001850,54.868800
-60.333551,339.264462,227.712587,-3.129265,-3.132200,0.026937,0.005857,0.013812,3.968538,-60.299376,336.492380,-60.367287,342.000955,54.968200
-60.432943,339.263208,227.711119,-3.128680,-3.132101,0.027209,0.005917,0.013787,3.968409,-60.397132,336.490012,-60.468285,342.000059,55.067600
-60.532335,339.261895,227.709653,-3.128089,-3.131993,0.027465,0.005972,0.013763,3.968278,-60.494870,336.487618,-60.569300,341.999163,55.167000
-60.631725,339.260523,227.708189,-3.127493,-3.131878,0.027704,0.006024,0.013737,3.968145,-60.592591,336.485193,-60.670328,341.998231,55.266400
-60.731115,339.259092,227.706726,-3.126891,-3.131753,0.027926,0.006073,0.013711,3.968010,-60.690295,336.482740,-60.771373,341.997209,55.365800
-60.830504,339.257601,227.705266,-3.126286,-3.131621,0.028131,0.006117,0.013685,3.967872,-60.787989,336.480259,-60.872426,341.996188,55.465200
-60.929891,339.256049,227.703808,-3.125675,-3.131480,0.028317,0.006157,0.013659,3.967732,-60.885663,336.477750,-60.973495,341.995166,55.564600
-61.029278,339.254436,227.702353,-3.125062,-3.131333,0.028484,0.006194,0.013632,3.967590,-60.983331,336.475216,-61.074570,341.994051,55.664000
-61.128664,339.252763,227.700900,-3.124444,-3.131176,0.028633,0.006226,0.013604,3.967446,-61.080984,336.472647,-61.175656,341.992767,55.763400
-61.228049,339.251027,227.699450,-3.123824,-3.131013,0.028763,0.006254,0.013577,3.967300,-61.178630,336.470059,-61.276748,341.991482,55.862800
-61.327433,339.249230,227.698002,-3.123201,-3.130841,0.028872,0.006278,0.013549,3.967151,-61.276266,336.467443,-61.377850,341.990198,55.962200
-61.426815,339.247371,227.696558,-3.122576,-3.130663,0.028962,0.006298,0.013520,3.967000,-61.373893,336.464792,-61.478954,341.988800,56.061600
-61.526197,339.245450,227.695117,-3.121949,-3.130476,0.029032,0.006313,0.013491,3.966846,-61.471515,336.462123,-61.580063,341.987243,56.161000
-61.625577,339.243466,227.693679,-3.121321,-3.130283,0.029081,0.006324,0.013462,3.966690,-61.569132,336.459429,-61.681174,341.985687,56.260400
-61.724956,339.241420,227.692244,-3.120692,-3.130083,0.029108,0.006330,0.013432,3.966532,-61.666745,336.456708,-61.782289,341.984130,56.359800
-61.824333,339.239311,227.690813,-3.120063,-3.129876,0.029115,0.006331,0.013402,3.966371,-61.764356,336.453962,-61.883401,341.982442,56.459200
-61.923710,339.237140,227.689386,-3.119434,-3.129662,0.029101,0.006328,0.013372,3.966208,-61.861967,336.451193,-61.984511,341.980607,56.558600
-62.023084,339.234907,227.687962,-3.118805,-3.129441,0.029065,0.006320,0.013341,3.966043,-61.959575,336.448397,-62.085621,341.978773,56.658000
-62.122458,339.232611,227.686543,-3.118177,-3.129213,0.029007,0.006308,0.013310,3.965874,-62.057186,336.445580,-62.186730,341.976939,56.757400
-62.221830,339.230252,227.685128,-3.117551,-3.128980,0.028927,0.006290,0.013279,3.965704,-62.154801,336.442739,-62.287830,341.974956,56.856800
-62.321200,339.227832,227.683717,-3.116927,-3.128740,0.028825,0.006268,0.013247,3.965530,-62.252419,336.439877,-62.388921,341.972842,56.956200
-62.420569,339.225349,227.682310,-3.116305,-3.128494,0.028701,0.006241,0.013215,3.965354,-62.350043,336.436989,-62.490008,341.970728,57.055600
-62.519937,339.222805,227.680909,-3.115686,-3.128243,0.028555,0.006209,0.013183,3.965176,-62.447674,336.434081,-62.591088,341.968614,57.155000
-62.619303,339.220200,227.679512,-3.115071,-3.127986,0.028386,0.006173,0.013150,3.964994,-62.545316,336.431157,-62.692152,341.966335,57.254400
-62.718667,339.217533,227.678120,-3.114460,-3.127724,0.028195,0.006131,0.013117,3.964810,-62.642967,336.428206,-62.793203,341.963939,57.353800
-62.818029,339.214806,227.676733,-3.113852,-3.127456,0.027982,0.006085,0.013084,3.964623,-62.740625,336.425238,-62.894245,341.961543,57.453200
-62.917390,339.212019,227.675351,-3.113250,-3.127183,0.027746,0.006033,0.013050,3.964434,-62.838299,336.422252,-62.995272,341.959147,57.552600
-63.016749,339.209173,227.673974,-3.112653,-3.126906,0.027489,0.005977,0.013016,3.964241,-62.935987,336.419245,-63.096280,341.956577,57.652000
-63.116107,339.206267,227.672604,-3.112062,-3.126624,0.027209,0.005916,0.012982,3.964046,-63.033691,336.416217,-63.197270,341.953906,57.751400
-63.215463,339.203303,227.671238,-3.111477,-3.126337,0.026907,0.005851,0.012948,3.963848,-63.131411,336.413177,-63.298244,341.951234,57.850800
-63.314817,339.200281,227.669879,-3.110899,-3.126046,0.026584,0.005780,0.012913,3.963647,-63.229150,336.410119,-63.399198,341.948563,57.950200
-63.414169,339.197203,227.668525,-3.110328,-3.125751,0.026238,0.005705,0.012878,3.963442,-63.326907,336.407042,-63.500128,341.945710,58.049600
-63.513519,339.194067,227.667177,-3.109765,-3.125453,0.025872,0.005626,0.012843,3.963235,-63.424686,336.403949,-63.601033,341.942765,58.149000
-63.612868,339.190876,227.665836,-3.109210,-3.125151,0.025484,0.005541,0.012808,3.963025,-63.522488,336.400841,-63.701917,341.939822,58.248400
-63.712215,339.187631,227.664501,-3.108663,-3.124845,0.025075,0.005452,0.012772,3.962811,-63.620311,336.397713,-63.802780,341.936879,58.347800
-63.811560,339.184332,227.663172,-3.108126,-3.124537,0.024646,0.005359,0.012736,3.962594,-63.718161,336.394577,-63.903608,341.933754,58.447200
-63.910904,339.180979,227.661850,-3.107598,-3.124225,0.024197,0.005261,0.012701,3.962375,-63.816037,336.391422,-64.004411,341.930553,58.546600
-64.010245,339.177575,227.660534,-3.107080,-3.123911,0.023728,0.005159,0.012664,3.962151,-63.913940,336.388256,-64.105185,341.927353,58.646000
-64.109585,339.174120,227.659226,-3.106573,-3.123596,0.023239,0.005053,0.012628,3.961925,-64.011874,336.385078,-64.205930,341.924153,58.745400
-64.208923,339.170615,227.657924,-3.106076,-3.123277,0.022732,0.004943,0.012592,3.961695,-64.109835,336.381881,-64.306640,341.920772,58.844800
-64.308260,339.167061,227.656629,-3.105590,-3.122956,0.022206,0.004828,0.012555,3.961461,-64.207827,336.378678,-64.407320,341.917323,58.944200
-64.407595,339.163460,227.655341,-3.105116,-3.122634,0.021662,0.004710,0.012518,3.961225,-64.305853,336.375463,-64.507965,341.913876,59.043600
-64.506928,339.159812,227.654060,-3.104654,-3.122311,0.021101,0.004588,0.012482,3.960984,-64.403912,336.372229,-64.608578,341.910430,59.143000
-64.606259,339.156118,227.652786,-3.104204,-3.121987,0.020523,0.004462,0.012445,3.960740,-64.502003,336.368991,-64.709152,341.906810,59.242400
-64.705589,339.152381,227.651520,-3.103767,-3.121661,0.019928,0.004333,0.012408,3.960492,-64.600132,336.365745,-64.809688,341.903134,59.341800
-64.804917,339.148601,227.650261,-3.103343,-3.121336,0.019319,0.004200,0.012370,3.960241,-64.698297,336.362482,-64.910188,341.899459,59.441200
-64.904243,339.144779,227.649010,-3.102932,-3.121009,0.018694,0.004064,0.012333,3.959986,-64.796497,336.359212,-65.010652,341.895785,59.540600
-65.003568,339.140918,227.647766,-3.102535,-3.120683,0.018055,0.003925,0.012296,3.959727,-64.894738,336.355932,-65.111071,341.891948,59.640000
-65.102892,339.137017,227.646530,-3.102152,-3.120356,0.017403,0.003784,0.012259,3.959464,-64.993018,336.352644,-65.211451,341.888063,59.739400
-65.202213,339.133079,227.645302,-3.101783,-3.120030,0.016738,0.003639,0.012221,3.959197,-65.091335,336.349345,-65.311791,341.884178,59.838800
-65.301534,339.129105,227.644081,-3.101429,-3.119705,0.016062,0.003492,0.012184,3.958925,-65.189696,336.346038,-65.412091,341.880296,59.938200
-65.400853,339.125097,227.642868,-3.101089,-3.119380,0.015374,0.003342,0.012146,3.958650,-65.288095,336.342728,-65.512346,341.876267,60.037600
-65.500171,339.121056,227.641663,-3.100764,-3.119056,0.014676,0.003191,0.012109,3.958371,-65.386537,336.339406,-65.612559,341.872196,60.137000
-65.599487,339.116983,227.640466,-3.100455,-3.118735,0.013969,0.003037,0.012071,3.958087,-65.485023,336.336082,-65.712727,341.868128,60.236400
-65.698803,339.112881,227.639276,-3.100160,-3.118413,0.013253,0.002881,0.012034,3.957799,-65.583549,336.332747,-65.812857,341.864060,60.335800
-65.798117,339.108749,227.638095,-3.099882,-3.118095,0.012531,0.002724,0.011997,3.957506,-65.682121,336.329402,-65.912935,341.859867,60.435200
-65.897430,339.104591,227.636921,-3.099619,-3.117778,0.011801,0.002566,0.011959,3.957209,-65.780736,336.326053,-66.012969,341.855638,60.534600
-65.996742,339.100408,227.635756,-3.099372,-3.117464,0.011066,0.002406,0.011922,3.956907,-65.879396,336.322698,-66.112960,341.851410,60.634000
-66.096052,339.096201,227.634598,-3.099141,-3.117152,0.010327,0.002245,0.011884,3.956601,-65.978099,336.319340,-66.212906,341.847185,60.733400
-66.195362,339.091972,227.633449,-3.098926,-3.116843,0.009584,0.002084,0.011847,3.956290,-66.076847,336.315973,-66.312804,341.842851,60.832800
-66.294671,339.087722,227.632307,-3.098727,-3.116537,0.008839,0.001922,0.011810,3.955974,-66.175641,336.312600,-66.412657,341.838485,60.932200
-66.393980,339.083453,227.631174,-3.098544,-3.116234,0.008093,0.001759,0.011773,3.955652,-66.274479,336.309219,-66.512466,341.834121,61.031600
-66.493287,339.079167,227.630048,-3.098377,-3.115934,0.007346,0.001597,0.011736,3.955326,-66.373361,336.305837,-66.612230,341.829759,61.131000
-66.592594,339.074865,227.628930,-3.098226,-3.115637,0.006600,0.001435,0.011699,3.954994,-66.472288,336.302451,-66.711945,341.825283,61.230400
-66.691900,339.070549,227.627820,-3.098092,-3.115345,0.005857,0.001273,0.011662,3.954658,-66.571262,336.299056,-66.811612,341.820771,61.329800
-66.791206,339.066220,227.626718,-3.097973,-3.115056,0.005116,0.001112,0.011626,3.954315,-66.670278,336.295658,-66.911238,341.816261,61.429200
-66.890511,339.061880,227.625624,-3.097870,-3.114772,0.004380,0.000952,0.011589,3.953967,-66.769338,336.292256,-67.010819,341.811753,61.528600
-66.989816,339.057531,227.624538,-3.097784,-3.114493,0.003649,0.000793,0.011553,3.953614,-66.868446,336.288845,-67.110354,341.807246,61.628000
-67.089120,339.053175,227.623459,-3.097713,-3.114217,0.002925,0.000636,0.011516,3.953255,-66.967587,336.285270,-67.209848,341.802742,61.727400
-67.188425,339.048811,227.622388,-3.097657,-3.113946,0.002209,0.000480,0.011480,3.952889,-67.066771,336.281679,-67.309301,341.798240,61.826800
-67.287729,339.044444,227.621325,-3.097617,-3.113680,0.001501,0.000326,0.011444,3.952518,-67.165998,336.278079,-67.408709,341.793739,61.926200
-67.387032,339.040072,227.620269,-3.097592,-3.113419,0.000804,0.000175,0.011409,3.952141,-67.265265,336.274467,-67.508072,341.789159,62.025600
-67.486336,339.035700,227.619221,-3.097582,-3.113163,0.000119,0.000026,0.011373,3.951757,-67.364574,336.270841,-67.607393,341.784547,62.125000
-67.585640,339.031326,227.618180,-3.097587,-3.112913,-0.000554,-0.000121,0.011338,3.951366,-67.463924,336.267201,-67.706673,341.779936,62.224400
-67.684944,339.026955,227.617146,-3.097606,-3.112668,-0.001214,-0.000264,0.011302,3.950969,-67.563313,336.263554,-67.805914,341.775327,62.323800
-67.784247,339.022585,227.616120,-3.097639,-3.112428,-0.001858,-0.000404,0.011267,3.950565,-67.662738,336.259894,-67.905115,341.770719,62.423200
-67.883552,339.018220,227.615100,-3.097686,-3.112194,-0.002486,-0.000540,0.011233,3.950155,-67.762204,336.256221,-68.004280,341.766114,62.522600
-67.982856,339.013860,227.614088,-3.097747,-3.111966,-0.003097,-0.000673,0.011198,3.949737,-67.861707,336.252543,-68.103406,341.761510,62.622000
-68.082160,339.009507,227.613083,-3.097820,-3.111743,-0.003690,-0.000802,0.011164,3.949311,-67.961242,336.248861,-68.202498,341.756908,62.721400
-68.181465,339.005161,227.612084,-3.097906,-3.111527,-0.004263,-0.000927,0.011130,3.948878,-68.060813,336.245170,-68.301555,341.752307,62.820800
-68.280771,339.000825,227.611092,-3.098004,-3.111316,-0.004815,-0.001047,0.011096,3.948438,-68.160418,336.241471,-68.400580,341.747708,62.920200
-68.380077,338.996499,227.610107,-3.098114,-3.111111,-0.005346,-0.001162,0.011062,3.947989,-68.260055,336.237768,-68.499571,341.743110,63.019600
-68.479383,338.992184,227.609128,-3.098235,-3.110913,-0.005854,-0.001273,0.011029,3.947533,-68.359722,336.234065,-68.598532,341.738514,63.119000
-68.578690,338.987882,227.608156,-3.098367,-3.110721,-0.006338,-0.001378,0.010996,3.947068,-68.459420,336.230360,-68.697463,341.733922,63.218400
-68.677997,338.983594,227.607189,-3.098509,-3.110534,-0.006797,-0.001478,0.010963,3.946594,-68.559144,336.226654,-68.796367,341.729337,63.317800
-68.777305,338.979320,227.606229,-3.098660,-3.110354,-0.007231,-0.001572,0.010930,3.946112,-68.658894,336.222948,-68.895247,341.724762,63.417200
-68.876614,338.975062,227.605275,-3.098821,-3.110180,-0.007638,-0.001660,0.010898,3.945620,-68.758671,336.219240,-68.994100,341.720199,63.516600
-68.975923,338.970820,227.604326,-3.098990,-3.110012,-0.008017,-0.001743,0.010866,3.945119,-68.858469,336.215531,-69.092931,341.715651,63.616000
-69.075233,338.966595,227.603383,-3.099167,-3.109850,-0.008368,-0.001819,0.010834,3.944609,-68.958290,336.211822,-69.191741,341.711115,63.715400
-69.174544,338.962389,227.602446,-3.099352,-3.109695,-0.008690,-0.001889,0.010803,3.944088,-69.058132,336.208112,-69.290530,341.706593,63.814800
-69.273856,338.958201,227.601513,-3.099543,-3.109545,-0.008981,-0.001953,0.010771,3.943558,-69.157991,336.204401,-69.389304,341.702088,63.914200
-69.373169,338.954032,227.600586,-3.099740,-3.109402,-0.009243,-0.002009,0.010740,3.943017,-69.257868,336.200721,-69.488062,341.697599,64.013600
-69.472482,338.949883,227.599664,-3.099942,-3.109264,-0.009473,-0.002059,0.010710,3.942465,-69.357760,336.197081,-69.586806,341.693132,64.113000
-69.571796,338.945754,227.598747,-3.100149,-3.109132,-0.009671,-0.002102,0.010679,3.941901,-69.457665,336.193440,-69.685538,341.688684,64.212400
-69.671111,338.941646,227.597835,-3.100360,-3.109007,-0.009837,-0.002139,0.010649,3.941327,-69.557581,336.189799,-69.784260,341.684254,64.311800
-69.770427,338.937560,227.596926,-3.100574,-3.108886,-0.009971,-0.002168,0.010620,3.940740,-69.657505,336.186158,-69.882975,341.679846,64.411200
-69.869744,338.933494,227.596023,-3.100790,-3.108771,-0.010072,-0.002190,0.010590,3.940140,-69.757434,336.182517,-69.981686,341.675464,64.510600
-69.969061,338.929450,227.595123,-3.101009,-3.108663,-0.010139,-0.002204,0.010561,3.939528,-69.857371,336.178875,-70.080388,341.671102,64.610000
-70.068380,338.925428,227.594228,-3.101228,-3.108558,-0.010174,-0.002212,0.010532,3.938903,-69.957309,336.175233,-70.179093,341.666762,64.709400
-70.167699,338.921428,227.593336,-3.101448,-3.108460,-0.010175,-0.002212,0.010503,3.938264,-70.057251,336.171661,-70.277796,341.662451,64.808800
-70.267020,338.917450,227.592448,-3.101668,-3.108367,-0.010143,-0.002205,0.010475,3.937611,-70.157198,336.168179,-70.376500,341.658162,64.908200
-70.366341,338.913493,227.591563,-3.101886,-3.108278,-0.010078,-0.002191,0.010447,3.936942,-70.257138,336.164698,-70.475210,341.653897,65.007600
-70.465663,338.909558,227.590682,-3.102103,-3.108195,-0.009980,-0.002170,0.010420,3.936259,-70.357076,336.161218,-70.573925,341.649658,65.107000
-70.564986,338.905645,227.589804,-3.102317,-3.108115,-0.009850,-0.002141,0.010392,3.935559,-70.457005,336.157737,-70.672649,341.645446,65.206400
-70.664310,338.901752,227.588929,-3.102529,-3.108042,-0.009689,-0.002106,0.010365,3.934843,-70.556928,336.154257,-70.771380,341.641259,65.305800
-70.763634,338.897880,227.588057,-3.102736,-3.107971,-0.009496,-0.002064,0.010339,3.934109,-70.656837,336.150777,-70.870125,341.637102,65.405200
-70.862960,338.894029,227.587187,-3.102939,-3.107905,-0.009273,-0.002016,0.010312,3.933358,-70.756736,336.147297,-70.968883,341.632967,65.504600
-70.962286,338.890198,227.586319,-3.103136,-3.107842,-0.009021,-0.001961,0.010286,3.932587,-70.856620,336.143894,-71.067658,341.628860,65.604000
-71.061612,338.886386,227.585454,-3.103328,-3.107783,-0.008741,-0.001900,0.010260,3.931797,-70.956494,336.140592,-71.166447,341.624782,65.703400
-71.160940,338.882593,227.584591,-3.103514,-3.107728,-0.008433,-0.001833,0.010235,3.930985,-71.056352,336.137290,-71.265255,341.620725,65.802800
-71.260268,338.878817,227.583730,-3.103693,-3.107677,-0.008101,-0.001761,0.010210,3.930153,-71.156190,336.133989,-71.364082,341.616698,65.902200
-71.359597,338.875060,227.582871,-3.103864,-3.107628,-0.007744,-0.001684,0.010185,3.929297,-71.256009,336.130750,-71.462933,341.612698,66.001600
-71.458927,338.871318,227.582013,-3.104027,-3.107581,-0.007366,-0.001601,0.010161,3.928418,-71.355809,336.127593,-71.561808,341.608718,66.101000
-71.558257,338.867593,227.581156,-3.104182,-3.107538,-0.006967,-0.001515,0.010136,3.927513,-71.455586,336.124436,-71.660704,341.604769,66.200400
-71.657588,338.863883,227.580301,-3.104328,-3.107497,-0.006551,-0.001424,0.010112,3.926582,-71.555339,336.121281,-71.759627,341.600843,66.299800
-71.756919,338.860186,227.579447,-3.104465,-3.107458,-0.006119,-0.001330,0.010089,3.925623,-71.655069,336.118203,-71.858575,341.596940,66.399200
-71.856251,338.856503,227.578594,-3.104593,-3.107422,-0.005674,-0.001233,0.010066,3.924635,-71.754778,336.115227,-71.957549,341.593062,66.498600
-71.955583,338.852832,227.577741,-3.104710,-3.107386,-0.005219,-0.001135,0.010043,3.923615,-71.854457,336.112252,-72.056553,341.589203,66.598000
-72.054915,338.849172,227.576889,-3.104818,-3.107353,-0.004757,-0.001034,0.010020,3.922564,-71.954111,336.109278,-72.155583,341.585372,66.697400
-72.154248,338.845523,227.576038,-3.104916,-3.107321,-0.004291,-0.000933,0.009998,3.921478,-72.053738,336.106305,-72.254642,341.581556,66.796800
-72.253581,338.841882,227.575187,-3.105004,-3.107290,-0.003826,-0.000832,0.009976,3.920356,-72.153336,336.103332,-72.353728,341.577763,66.896200
-72.352915,338.838250,227.574336,-3.105081,-3.107260,-0.003363,-0.000731,0.009954,3.919199,-72.252906,336.100361,-72.452846,341.573989,66.995600
-72.452249,338.834625,227.573484,-3.105149,-3.107231,-0.002909,-0.000632,0.009932,3.918004,-72.352450,336.097390,-72.551989,341.570230,67.095000
-72.551583,338.831006,227.572633,-3.105207,-3.107203,-0.002466,-0.000536,0.009911,3.916773,-72.451967,336.094420,-72.651159,341.566492,67.194400
-72.650917,338.827393,227.571781,-3.105256,-3.107175,-0.002041,-0.000444,0.009890,3.915506,-72.551445,336.091076,-72.750355,341.562773,67.293800
-72.750252,338.823784,227.570929,-3.105295,-3.107147,-0.001636,-0.000356,0.009870,3.914209,-72.650892,336.087607,-72.849580,341.559065,67.393200
-72.849586,338.820178,227.570077,-3.105327,-3.107121,-0.001259,-0.000274,0.009850,3.912886,-72.750318,336.084138,-72.948823,341.555367,67.492600
-72.948921,338.816575,227.569223,-3.105350,-3.107094,-0.000914,-0.000199,0.009830,3.911549,-72.849721,336.080670,-73.048092,341.551689,67.592000
-73.048256,338.812975,227.568369,-3.105366,-3.107067,-0.000607,-0.000132,0.009810,3.910212,-72.949105,336.077203,-73.147411,341.548841,67.691400
-73.147590,338.809375,227.567514,-3.105377,-3.107041,-0.000345,-0.000075,0.009790,3.908897,-73.048474,336.073737,-73.246757,341.546419,67.790800
-73.246925,338.805776,227.566658,-3.105382,-3.107015,-0.000134,-0.000029,0.009771,3.907635,-73.147827,336.070271,-73.346122,341.544032,67.890200
-73.346260,338.802178,227.565801,-3.105383,-3.106988,0.000019,0.000004,0.009752,3.906468,-73.247170,336.066805,-73.445500,341.541695,67.989600
-73.445595,338.798579,227.564942,-3.105381,-3.106962,0.000107,0.000023,0.009734,3.905452,-73.346504,336.063340,-73.544888,341.539403,68.089000
-73.544930,338.794980,227.564082,-3.105379,-3.106937,0.000122,0.000026,0.009716,3.904662,-73.445839,336.059874,-73.644278,341.537155,68.188400
-73.644264,338.791381,227.563220,-3.105377,-3.106911,0.000055,0.000012,0.009698,3.904200,-73.545172,336.056409,-73.743668,341.534953,68.287800
